id_объекта,истинный_класс,prob_Собака,prob_Кошка,prob_Мышь,разрешение,разметчик,неуверенность,энтропия,предсказанный_класс,вероятность_ошибки_разметки,дубликат,дефицит_класса,полезность
img_0000.jpg,Кошка,0.0423,0.8843,0.0734,800x600,Expert_Anna,0.1157,0.6265,Кошка,0.0,False,0.7276,0.3036
img_0001.jpg,Собака,0.3333,0.3445,0.3222,640x480,Intern_Vasya,0.6555,1.5844,Кошка,0.3445,False,0.6821,0.6741
img_0002.jpg,Кошка,0.0911,0.8326,0.0764,800x600,Expert_Anna,0.1674,0.8184,Кошка,0.0,False,0.7276,0.3521
img_0003.jpg,Собака,0.8798,0.0895,0.0307,640x480,Intern_Vasya,0.1202,0.6285,Собака,0.0,False,0.6821,0.295
img_0004.jpg,Собака,0.9031,0.0383,0.0586,640x480,Intern_Vasya,0.0969,0.5529,Собака,0.0,False,0.6821,0.276
img_0005.jpg,Кошка,0.0396,0.9357,0.0247,640x480,Expert_Bob,0.0643,0.4061,Кошка,0.0,False,0.7276,0.248
img_0006.jpg,Кошка,0.0447,0.8714,0.0839,1920x1080,Intern_Vasya,0.1286,0.6734,Кошка,0.0,False,0.7276,0.3155
img_0007.jpg,Собака,0.922,0.0638,0.0143,1920x1080,Expert_Bob,0.078,0.449,Собака,0.0,False,0.6821,0.2497
img_0008.jpg,Собака,0.8984,0.0145,0.0871,800x600,Expert_Bob,0.1016,0.5341,Собака,0.0,False,0.6821,0.2712
img_0009.jpg,Кошка,0.0788,0.0356,0.8856,640x480,Expert_Bob,0.1144,0.6154,Мышь,0.8856,False,0.7276,0.6551
img_0010.jpg,Кошка,0.0566,0.0239,0.9195,800x600,Expert_Anna,0.0805,0.4746,Мышь,0.9195,False,0.7276,0.6331
img_0011.jpg,Кошка,0.0933,0.0338,0.8729,640x480,Expert_Bob,0.1271,0.6556,Мышь,0.8729,False,0.7276,0.6601
img_0012.jpg,Кошка,0.3405,0.3534,0.3061,1920x1080,Intern_Vasya,0.6466,1.5823,Кошка,0.0,False,0.7276,0.5448
img_0013.jpg,Собака,0.8477,0.0697,0.0826,1920x1080,Expert_Anna,0.1523,0.7671,Собака,0.0,False,0.6821,0.33
img_0014.jpg,Кошка,0.0694,0.911,0.0195,800x600,Intern_Vasya,0.089,0.5004,Кошка,0.0,False,0.7276,0.2718
img_0015.jpg,Кошка,0.0155,0.9352,0.0494,800x600,Expert_Anna,2.0648,0.3979,Кошка,0.0,False,0.7276,0.2459
img_0016.jpg,Кошка,0.3641,0.3268,0.3091,640x480,Intern_Vasya,0.6359,1.5816,Собака,0.3641,False,0.7276,0.6903
img_0017.jpg,Собака,0.3347,0.3045,0.3607,640x480,Intern_Vasya,0.6393,1.5815,Мышь,0.3607,False,0.6821,0.6798
img_0018.jpg,Собака,0.8245,0.0973,0.0782,800x600,Intern_Vasya,0.1755,0.8441,Собака,0.0,False,0.6821,0.3494
img_0019.jpg,Кошка,0.0103,0.9177,0.072,800x600,Expert_Anna,0.0823,0.455,Кошка,0.0,False,0.7276,0.2603
img_0020.jpg,Собака,0.9331,0.0189,0.048,800x600,Expert_Bob,0.0669,0.4117,Собака,0.0,False,0.6821,0.2403
img_0021.jpg,Собака,0.8847,0.072,0.0433,640x480,Intern_Vasya,0.1153,0.6258,Собака,0.0,False,0.6821,0.2944
img_0022.jpg,Собака,0.3153,0.3269,0.3578,800x600,Intern_Vasya,0.6422,1.5829,Мышь,0.3578,False,0.6821,0.679
img_0023.jpg,Собака,0.8525,0.0931,0.0544,1920x1080,Intern_Vasya,0.1475,0.7436,Собака,0.0,False,0.6821,0.3241
img_0024.jpg,Кошка,0.0686,0.8754,0.056,640x480,Expert_Bob,0.1246,0.6661,Кошка,0.0,False,0.7276,0.3136
img_0025.jpg,Кошка,0.06,0.8866,0.0534,1920x1080,Expert_Anna,0.1134,0.6232,Кошка,0.0,False,0.7276,0.3028
img_0026.jpg,Кошка,0.0208,0.9081,0.0711,1920x1080,Expert_Anna,0.0919,0.5137,Кошка,0.0,False,0.7276,0.2752
img_0027.jpg,Собака,0.8761,0.0915,0.0324,640x480,Expert_Bob,0.1239,0.6432,Собака,0.0,False,0.6821,0.2987
img_0028.jpg,Кошка,0.0821,0.9001,0.0178,640x480,Expert_Bob,0.0999,0.5362,Кошка,0.0,False,0.7276,0.2808
img_0029.jpg,Кошка,0.0236,0.0902,0.8862,1920x1080,Intern_Vasya,0.1138,0.5951,Мышь,0.8862,False,0.7276,0.6502
img_0030.jpg,Кошка,0.3543,0.3574,0.2882,640x480,Expert_Bob,0.6426,1.5782,Кошка,0.0,False,0.7276,0.5438
img_0031.jpg,Кошка,0.079,0.8487,0.0723,800x600,Expert_Bob,0.1513,0.7642,Кошка,0.0,False,0.7276,0.3384
img_0032.jpg,Собака,0.9459,0.0214,0.0328,640x480,Intern_Vasya,0.0541,0.3563,Собака,0.0,False,0.6821,0.2263
img_0033.jpg,Собака,0.9014,0.0879,0.0107,1920x1080,Intern_Vasya,0.0986,0.5134,Собака,0.0,False,0.6821,0.266
img_0034.jpg,Кошка,0.0505,0.0318,0.9176,800x600,Intern_Vasya,0.0824,0.4896,Мышь,0.9176,False,0.7276,0.6361
img_0035.jpg,Кошка,0.0874,0.8603,0.0522,800x600,Expert_Anna,0.1397,0.7164,Кошка,0.0,False,0.7276,0.3263
img_0036.jpg,Кошка,0.293,0.3586,0.3484,640x480,Expert_Anna,0.6414,1.5795,Кошка,0.0,False,0.7276,0.5441
img_0037.jpg,Кошка,0.0354,0.9245,0.0401,1920x1080,Expert_Bob,0.0755,0.4614,Кошка,0.0,False,0.7276,0.262
img_0038.jpg,Кошка,0.015,0.073,0.912,800x600,Expert_Anna,0.088,0.4877,Мышь,0.912,False,0.7276,0.6334
img_0039.jpg,Собака,0.0392,0.9255,0.0353,1920x1080,Expert_Anna,0.0745,0.4568,Кошка,0.9255,False,0.6821,0.6219
img_0040.jpg,Кошка,0.05,0.0914,0.8586,640x480,Expert_Anna,0.1414,0.7204,Мышь,0.8586,False,0.7276,0.6708
img_0041.jpg,Собака,0.8905,0.0321,0.0773,640x480,Expert_Anna,0.1095,0.5937,Собака,0.0,False,0.6821,0.2862
img_0042.jpg,Собака,0.071,0.8672,0.0618,800x600,Expert_Anna,0.1328,0.6974,Кошка,0.8672,False,0.6821,0.6593
img_0043.jpg,Кошка,0.3693,0.3272,0.3034,640x480,Expert_Anna,0.6307,1.5802,Собака,0.3693,False,0.7276,0.692
img_0044.jpg,Кошка,0.0154,0.9047,0.08,640x480,Intern_Vasya,0.0953,0.5149,Кошка,0.0,False,0.7276,0.2755
img_0045.jpg,Собака,0.0586,0.8703,0.0711,800x600,Expert_Anna,0.1297,0.6854,Кошка,0.8703,False,0.6821,0.6575
img_0046.jpg,Собака,0.8559,0.0464,0.0977,1920x1080,Intern_Vasya,0.1441,0.7255,Собака,0.0,False,0.6821,0.3195
img_0047.jpg,Кошка,0.037,0.8783,0.0847,1920x1080,Expert_Anna,0.1217,0.6421,Кошка,0.0,False,0.7276,0.3076
img_0048.jpg,Кошка,0.0325,0.8858,0.0817,1920x1080,Expert_Anna,0.1142,0.6109,Кошка,0.0,False,0.7276,0.2997
img_0049.jpg,Кошка,0.0551,0.9273,0.0176,1920x1080,Expert_Bob,0.0727,0.434,Кошка,0.0,False,0.7276,0.255
img_0050.jpg,Кошка,0.0912,0.8682,0.0406,1920x1080,Intern_Vasya,0.1318,0.6798,Кошка,0.0,False,0.7276,0.3171
img_0051.jpg,Кошка,0.0677,0.8516,0.0807,800x600,Expert_Anna,0.1484,0.7534,Кошка,0.0,False,0.7276,0.3357
img_0052.jpg,Кошка,0.0642,0.0166,0.9192,1920x1080,Expert_Anna,0.0808,0.4642,Мышь,0.9192,False,0.7276,0.6303
img_0053.jpg,Собака,0.9687,0.0113,0.02,800x600,Expert_Bob,0.0313,0.2304,Собака,0.0,False,0.6821,0.1946
img_0054.jpg,Собака,0.3044,0.3322,0.3634,640x480,Intern_Vasya,0.6366,1.5812,Мышь,0.3634,False,0.6821,0.6808
img_0055.jpg,Мышь,0.0671,0.0638,0.869,800x600,Intern_Vasya,0.131,0.6909,Мышь,0.0,False,6.2654,1.4274
img_0056.jpg,Собака,0.0304,0.8948,0.0748,1920x1080,Expert_Anna,0.1052,0.5765,Кошка,0.8948,False,0.6821,0.6398
img_0057.jpg,Собака,0.8625,0.073,0.0645,800x600,Expert_Anna,0.1375,0.7148,Собака,0.0,False,0.6821,0.3168
img_0058.jpg,Собака,0.9373,0.0322,0.0304,1920x1080,Expert_Bob,0.0627,0.4004,Собака,0.0,False,0.6821,0.2375
img_0059.jpg,Кошка,0.0418,0.0831,0.8752,1920x1080,Expert_Anna,0.1248,0.658,Мышь,0.8752,False,0.7276,0.6617
img_0060.jpg,Кошка,0.0583,0.8843,0.0574,1920x1080,Expert_Anna,0.1157,0.6326,Кошка,0.0,False,0.7276,0.3052
img_0061.jpg,Кошка,0.0726,0.0341,0.8932,1920x1080,Expert_Bob,0.1068,0.5865,Мышь,0.8932,False,0.7276,0.6508
img_0062.jpg,Собака,0.8364,0.0813,0.0823,800x600,Expert_Anna,0.1636,0.8064,Собака,0.0,False,0.6821,0.3399
img_0063.jpg,Собака,0.8936,0.0115,0.0948,800x600,Expert_Bob,0.1064,0.5413,Собака,0.0,False,0.6821,0.273
img_0064.jpg,Кошка,0.3338,0.3424,0.3238,800x600,Expert_Bob,0.6576,1.5846,Кошка,0.0,False,0.7276,0.5454
img_0065.jpg,Кошка,0.3085,0.3275,0.364,640x480,Intern_Vasya,0.636,1.5815,Мышь,0.364,False,0.7276,0.6902
img_0066.jpg,Кошка,0.0358,0.9084,0.0558,800x600,Expert_Anna,0.0916,0.5302,Кошка,0.0,False,0.7276,0.2793
img_0067.jpg,Мышь,0.0691,0.0583,0.8725,640x480,Expert_Anna,0.1275,0.6771,Мышь,0.0,False,6.2654,1.424
img_0068.jpg,Кошка,0.0883,0.8612,0.0505,640x480,Expert_Bob,0.1388,0.7124,Кошка,0.0,False,0.7276,0.3253
img_0069.jpg,Кошка,0.0753,0.0715,0.8532,1920x1080,Expert_Anna,0.1468,0.7485,Мышь,0.8532,False,0.7276,0.6757
img_0070.jpg,Мышь,0.0336,0.0764,0.89,1920x1080,Expert_Anna,0.11,0.5976,Мышь,0.0,False,6.2654,1.4039
img_0071.jpg,Кошка,0.3561,0.3272,0.3167,1920x1080,Expert_Bob,0.6439,1.5832,Собака,0.3561,False,0.7276,0.6875
img_0072.jpg,Собака,0.074,0.8599,0.0662,1920x1080,Intern_Vasya,0.1401,0.7245,Кошка,0.8599,False,0.6821,0.6632
img_0073.jpg,Кошка,0.3652,0.3205,0.3143,800x600,Intern_Vasya,0.6348,1.5817,Собака,0.3652,False,0.7276,0.6908
img_0074.jpg,Кошка,0.0201,0.9656,0.0144,800x600,Expert_Anna,0.0344,0.2502,Кошка,0.0,False,0.7276,0.2087
img_0075.jpg,Кошка,0.0634,0.8685,0.0681,800x600,Expert_Bob,0.1315,0.6929,Кошка,0.0,False,0.7276,0.3204
img_0076.jpg,Собака,0.2919,0.383,0.3251,800x600,Expert_Bob,0.617,1.5758,Кошка,0.383,False,0.6821,0.6873
img_0077.jpg,Кошка,0.0233,0.062,0.9147,1920x1080,Expert_Bob,0.0853,0.4927,Мышь,0.9147,False,0.7276,0.6357
img_0078.jpg,Кошка,0.0673,0.9178,0.0149,1920x1080,Expert_Anna,0.0822,0.466,Кошка,0.0,False,0.7276,0.2631
img_0079.jpg,Кошка,0.0524,0.8803,0.0673,1920x1080,Expert_Bob,0.1197,0.6469,Кошка,0.0,False,0.7276,0.3088
img_0080.jpg,Кошка,0.0596,0.0413,0.8991,800x600,Expert_Bob,0.1009,0.5703,Мышь,0.8991,False,0.7276,0.6491
img_0081.jpg,Собака,0.0474,0.9409,0.0118,640x480,Expert_Bob,0.0591,0.3668,Кошка,0.9409,False,0.6821,0.6053
img_0082.jpg,Кошка,0.086,0.0733,0.8407,640x480,Intern_Vasya,0.1593,0.7912,Мышь,0.8407,False,0.7276,0.6815
img_0083.jpg,Собака,0.0236,0.9181,0.0583,800x600,Intern_Vasya,0.0819,0.4798,Кошка,0.9181,False,0.6821,0.6247
img_0084.jpg,Собака,0.0628,0.8504,0.0868,800x600,Expert_Anna,0.1496,0.7556,Кошка,0.8504,False,0.6821,0.6673
img_0085.jpg,Кошка,0.3326,0.3482,0.3192,1920x1080,Expert_Bob,0.6518,1.5841,Кошка,0.0,False,0.7276,0.5453
img_0086.jpg,Собака,0.8697,0.0455,0.0847,800x600,Expert_Anna,0.1303,0.6797,Собака,0.0,False,0.6821,0.308
img_0087.jpg,Кошка,0.0205,0.0142,0.9653,640x480,Expert_Bob,0.0347,0.2513,Мышь,0.9653,False,0.7276,0.5951
img_0088.jpg,Собака,0.0744,0.9065,0.0191,1920x1080,Expert_Anna,0.0935,0.5163,Кошка,0.9065,False,0.6821,0.6293
img_0089.jpg,Кошка,0.0552,0.0268,0.918,1920x1080,Expert_Anna,0.082,0.4839,Мышь,0.918,False,0.7276,0.6348
img_0090.jpg,Собака,0.9147,0.0705,0.0148,800x600,Expert_Anna,0.0853,0.4774,Собака,0.0,False,0.6821,0.2569
img_0091.jpg,Кошка,0.0615,0.8578,0.0807,800x600,Intern_Vasya,0.1422,0.7303,Кошка,0.0,False,0.7276,0.3298
img_0092.jpg,Собака,0.9053,0.0184,0.0763,640x480,Expert_Anna,0.0947,0.5192,Собака,0.0,False,0.6821,0.2674
img_0093.jpg,Кошка,0.0608,0.0918,0.8474,640x480,Intern_Vasya,0.1526,0.7643,Мышь,0.8474,False,0.7276,0.6774
img_0094.jpg,Собака,0.8987,0.047,0.0543,800x600,Expert_Bob,0.1013,0.574,Собака,0.0,False,0.6821,0.2813
img_0095.jpg,Кошка,0.2963,0.3591,0.3446,1920x1080,Expert_Bob,0.6409,1.5802,Кошка,0.0,False,0.7276,0.5443
img_0096.jpg,Собака,0.9579,0.0194,0.0227,1920x1080,Expert_Bob,0.0421,0.2938,Собака,0.0,False,0.6821,0.2106
img_0097.jpg,Кошка,0.0195,0.0752,0.9054,800x600,Intern_Vasya,0.0946,0.5213,Мышь,0.9054,False,0.7276,0.6392
img_0098.jpg,Кошка,0.0904,0.0127,0.8969,1920x1080,Expert_Anna,0.1031,0.5343,Мышь,0.8969,False,0.7276,0.6391
img_0099.jpg,Мышь,0.874,0.0657,0.0602,800x600,Expert_Anna,0.126,0.6719,Собака,0.874,False,6.2654,1.7722
img_0100.jpg,Собака,0.0806,0.882,0.0374,800x600,Intern_Vasya,0.118,0.6299,Кошка,0.882,False,0.6821,0.6482
img_0101.jpg,Кошка,0.0747,0.0795,0.8458,800x600,Expert_Anna,0.1542,0.7743,Мышь,0.8458,False,0.7276,0.6792
img_0102.jpg,Кошка,0.041,0.9207,0.0383,1920x1080,Expert_Bob,0.0793,0.4789,Кошка,0.0,False,0.7276,0.2664
img_0103.jpg,Собака,0.0787,0.8513,0.07,800x600,Expert_Bob,0.1487,0.7549,Кошка,0.8513,False,0.6821,0.6675
img_0104.jpg,Собака,0.29,0.3798,0.3302,1920x1080,Expert_Anna,0.6202,1.5762,Кошка,0.3798,False,0.6821,0.6861
img_0105.jpg,Собака,0.871,0.0387,0.0903,800x600,Expert_Bob,0.129,0.6684,Собака,0.0,False,0.6821,0.3051
img_0106.jpg,Кошка,0.0114,0.095,0.8936,800x600,Expert_Bob,0.1064,0.5412,Мышь,0.8936,False,0.7276,0.6395
img_0107.jpg,Кошка,0.0887,0.8541,0.0572,640x480,Expert_Bob,0.1459,0.7404,Кошка,0.0,False,0.7276,0.3324
img_0108.jpg,Кошка,0.0495,0.9116,0.0389,800x600,Expert_Anna,0.0884,0.5186,Кошка,0.0,False,0.7276,0.2764
img_0109.jpg,Кошка,0.0796,0.0832,0.8372,1920x1080,Expert_Anna,0.1628,0.8037,Мышь,0.8372,False,0.7276,0.6832
img_0110.jpg,Кошка,0.0546,0.8858,0.0596,800x600,Expert_Bob,0.1142,0.6265,Кошка,0.0,False,0.7276,0.3036
img_0111.jpg,Кошка,0.0959,0.8822,0.0219,800x600,Intern_Vasya,0.1178,0.6046,Кошка,0.0,False,0.7276,0.2981
img_0112.jpg,Собака,0.9059,0.0729,0.0212,800x600,Expert_Anna,0.0941,0.5224,Собака,0.0,False,0.6821,0.2683
img_0113.jpg,Кошка,0.0714,0.0162,0.9124,640x480,Intern_Vasya,0.0876,0.4889,Мышь,0.9124,False,0.7276,0.6339
img_0114.jpg,Кошка,0.2985,0.3092,0.3923,1920x1080,Expert_Bob,0.6077,1.5738,Мышь,0.3923,False,0.7276,0.6996
img_0115.jpg,Собака,0.0395,0.8854,0.0751,800x600,Intern_Vasya,0.1146,0.6201,Кошка,0.8854,False,0.6821,0.6471
img_0116.jpg,Собака,0.103,0.8512,0.0458,640x480,Expert_Bob,0.1488,0.7394,Кошка,0.8512,False,0.6821,0.6635
img_0117.jpg,Кошка,0.3487,0.3371,0.3143,800x600,Expert_Bob,0.6513,1.5836,Собака,0.3487,False,0.7276,0.6846
img_0118.jpg,Кошка,0.0966,0.8461,0.0573,1920x1080,Expert_Bob,0.1539,0.7661,Кошка,0.0,False,0.7276,0.3389
img_0119.jpg,Кошка,0.0583,0.9186,0.0231,640x480,Expert_Anna,0.0814,0.4771,Кошка,0.0,False,0.7276,0.2659
img_0120.jpg,Кошка,0.0614,0.8824,0.0561,640x480,Expert_Anna,0.1176,0.6396,Кошка,0.0,False,0.7276,0.3069
img_0121.jpg,Собака,0.8718,0.037,0.0912,640x480,Intern_Vasya,0.1282,0.6636,Собака,0.0,False,0.6821,0.3039
img_0122.jpg,Кошка,0.0965,0.8064,0.0971,800x600,Intern_Vasya,0.1936,0.9025,Кошка,0.0,False,0.7276,0.3733
img_0123.jpg,Собака,0.8384,0.0592,0.1023,640x480,Expert_Anna,0.1616,0.7911,Собака,0.0,False,0.6821,0.3361
img_0124.jpg,Кошка,0.0577,0.8872,0.0551,640x480,Intern_Vasya,0.1128,0.6211,Кошка,0.0,False,0.7276,0.3023
img_0125.jpg,Кошка,0.0692,0.8675,0.0633,1920x1080,Intern_Vasya,0.1325,0.6966,Кошка,0.0,False,0.7276,0.3213
img_0126.jpg,Собака,0.0823,0.8858,0.0319,1920x1080,Expert_Anna,0.1142,0.61,Кошка,0.8858,False,0.6821,0.6447
img_0127.jpg,Собака,0.0894,0.8454,0.0652,640x480,Expert_Anna,0.1546,0.7731,Кошка,0.8454,False,0.6821,0.6697
img_0128.jpg,Собака,0.0275,0.9298,0.0427,640x480,Expert_Anna,0.0702,0.4345,Кошка,0.9298,False,0.6821,0.618
img_0129.jpg,Кошка,0.0162,0.8896,0.0942,800x600,Expert_Anna,0.1104,0.5675,Кошка,0.0,False,0.7276,0.2887
img_0130.jpg,Собака,0.3284,0.3159,0.3557,1920x1080,Expert_Bob,0.6443,1.5832,Мышь,0.3557,False,0.6821,0.6782
img_0131.jpg,Собака,0.064,0.8539,0.0821,640x480,Intern_Vasya,0.1461,0.7445,Кошка,0.8539,False,0.6821,0.6659
img_0132.jpg,Собака,0.8622,0.0738,0.0639,1920x1080,Expert_Bob,0.1378,0.7155,Собака,0.0,False,0.6821,0.317
img_0133.jpg,Собака,0.8875,0.097,0.0155,640x480,Intern_Vasya,0.1125,0.5725,Собака,0.0,False,0.6821,0.2809
img_0134.jpg,Кошка,0.0459,0.0868,0.8672,800x600,Intern_Vasya,0.1328,0.6884,Мышь,0.8672,False,0.7276,0.6661
img_0135.jpg,Кошка,0.0594,0.0415,0.8991,800x600,Intern_Vasya,0.1009,0.5704,Мышь,0.8991,False,0.7276,0.6491
img_0136.jpg,Собака,0.8954,0.0548,0.0497,800x600,Expert_Bob,0.1046,0.5875,Собака,0.0,False,0.6821,0.2847
img_0137.jpg,Собака,0.8527,0.0757,0.0716,640x480,Expert_Bob,0.1473,0.7503,Собака,0.0,False,0.6821,0.3258
img_0138.jpg,Кошка,0.0861,0.8456,0.0684,640x480,Expert_Anna,0.1544,0.7739,Кошка,0.0,False,0.7276,0.3408
img_0139.jpg,Собака,0.9087,0.0356,0.0557,800x600,Expert_Anna,0.0913,0.5289,Собака,0.0,False,0.6821,0.2699
img_0140.jpg,Собака,0.907,0.0631,0.0299,640x480,Expert_Anna,0.093,0.5307,Собака,0.0,False,0.6821,0.2704
img_0141.jpg,Собака,0.9369,0.0427,0.0204,640x480,Expert_Anna,0.0631,0.3969,Собака,0.0,False,0.6821,0.2366
img_0142.jpg,Кошка,0.0528,0.8943,0.0528,800x600,Expert_Bob,0.1057,0.5922,Кошка,0.0,False,0.7276,0.295
img_0143.jpg,Кошка,0.0582,0.8551,0.0867,1920x1080,Expert_Bob,0.1449,0.7378,Кошка,0.0,False,0.7276,0.3317
img_0144.jpg,Собака,0.3115,0.311,0.3775,640x480,Expert_Anna,0.6225,1.5788,Мышь,0.3775,False,0.6821,0.6859
img_0145.jpg,Кошка,0.3408,0.3591,0.3002,800x600,Expert_Bob,0.6409,1.581,Кошка,0.0,False,0.7276,0.5445
img_0146.jpg,Собака,0.9452,0.0117,0.0431,800x600,Expert_Bob,0.0548,0.3474,Собака,0.0,False,0.6821,0.2241
img_0147.jpg,Кошка,0.3119,0.3261,0.362,640x480,Expert_Anna,0.638,1.5821,Мышь,0.362,False,0.7276,0.6896
img_0148.jpg,Собака,0.8649,0.0556,0.0796,800x600,Expert_Anna,0.1351,0.7035,Собака,0.0,False,0.6821,0.314
img_0149.jpg,Собака,0.313,0.3441,0.3429,800x600,Intern_Vasya,0.6559,1.5836,Кошка,0.3441,False,0.6821,0.6737
img_0150.jpg,Собака,0.8518,0.0937,0.0545,1920x1080,Intern_Vasya,0.1482,0.7459,Собака,0.0,False,0.6821,0.3247
img_0151.jpg,Кошка,0.0507,0.097,0.8522,640x480,Intern_Vasya,0.1478,0.7412,Мышь,0.8522,False,0.7276,0.6735
img_0152.jpg,Кошка,0.0738,0.9077,0.0185,800x600,Expert_Anna,0.0923,0.5108,Кошка,0.0,False,0.7276,0.2744
img_0153.jpg,Кошка,0.0223,0.9544,0.0233,800x600,Expert_Bob,0.0456,0.313,Кошка,0.0,False,0.7276,0.2245
img_0154.jpg,Собака,0.871,0.0402,0.0888,800x600,Expert_Bob,0.129,0.6701,Собака,0.0,False,0.6821,0.3055
img_0155.jpg,Собака,0.0774,0.8924,0.0302,800x600,Expert_Bob,0.1076,0.5848,Кошка,0.8924,False,0.6821,0.641
img_0156.jpg,Кошка,0.029,0.9411,0.0299,640x480,Intern_Vasya,0.0589,0.382,Кошка,0.0,False,0.7276,0.2419
img_0157.jpg,Собака,0.0227,0.9462,0.0311,1920x1080,Intern_Vasya,0.0538,0.3552,Кошка,0.9462,False,0.6821,0.6045
img_0158.jpg,Собака,0.0542,0.9326,0.0133,1920x1080,Expert_Anna,0.0674,0.4047,Кошка,0.9326,False,0.6821,0.6116
img_0159.jpg,Кошка,0.0589,0.8627,0.0784,1920x1080,Intern_Vasya,0.1373,0.7124,Кошка,0.0,False,0.7276,0.3253
img_0160.jpg,Собака,0.8891,0.033,0.0779,640x480,Expert_Anna,0.1109,0.6,Собака,0.0,False,0.6821,0.2878
img_0161.jpg,Кошка,0.0277,0.9273,0.0451,640x480,Expert_Bob,0.0727,0.4459,Кошка,0.0,False,0.7276,0.258
img_0162.jpg,Кошка,0.062,0.8893,0.0487,640x480,Intern_Vasya,0.1107,0.6116,Кошка,0.0,False,0.7276,0.2999
img_0163.jpg,Кошка,0.2985,0.3317,0.3697,1920x1080,Expert_Bob,0.6303,1.5795,Мышь,0.3697,False,0.7276,0.692
img_0164.jpg,Собака,0.878,0.06,0.062,800x600,Intern_Vasya,0.122,0.6571,Собака,0.0,False,0.6821,0.3022
img_0165.jpg,Кошка,0.0524,0.0604,0.8872,800x600,Intern_Vasya,0.1128,0.6207,Мышь,0.8872,False,0.7276,0.657
img_0166.jpg,Собака,0.943,0.0133,0.0438,640x480,Expert_Anna,0.057,0.3604,Собака,0.0,False,0.6821,0.2274
img_0167.jpg,Собака,0.3179,0.307,0.3751,640x480,Intern_Vasya,0.6249,1.5793,Мышь,0.3751,False,0.6821,0.685
img_0168.jpg,Кошка,0.3213,0.3389,0.3398,640x480,Expert_Anna,0.6602,1.5845,Мышь,0.3398,False,0.7276,0.6813
img_0169.jpg,Собака,0.9229,0.018,0.0591,800x600,Expert_Anna,0.0771,0.4523,Собака,0.0,False,0.6821,0.2506
img_0170.jpg,Кошка,0.0809,0.8965,0.0226,800x600,Expert_Bob,0.1035,0.5584,Кошка,0.0,False,0.7276,0.2864
img_0171.jpg,Собака,0.0439,0.8929,0.0632,640x480,Expert_Bob,0.1071,0.5957,Кошка,0.8929,False,0.6821,0.6439
img_0172.jpg,Кошка,0.104,0.8629,0.033,640x480,Intern_Vasya,0.1371,0.6856,Кошка,0.0,False,0.7276,0.3185
img_0173.jpg,Мышь,0.0267,0.0361,0.9373,640x480,Expert_Bob,0.0627,0.4001,Мышь,0.0,False,6.2654,1.3541
img_0174.jpg,Собака,0.0379,0.8658,0.0963,640x480,Expert_Bob,0.1342,0.6841,Кошка,0.8658,False,0.6821,0.6554
img_0175.jpg,Собака,0.8496,0.0486,0.1018,1920x1080,Expert_Bob,0.1504,0.7474,Собака,0.0,False,0.6821,0.325
img_0176.jpg,Кошка,0.0421,0.8772,0.0807,800x600,Intern_Vasya,0.1228,0.6513,Кошка,0.0,False,0.7276,0.3099
img_0177.jpg,Кошка,0.0308,0.9043,0.065,1920x1080,Expert_Bob,0.0957,0.5422,Кошка,0.0,False,0.7276,0.2824
img_0178.jpg,Кошка,0.0577,0.9085,0.0338,1920x1080,Expert_Bob,0.0915,0.5284,Кошка,0.0,False,0.7276,0.2789
img_0179.jpg,Кошка,0.0276,0.9227,0.0497,640x480,Intern_Vasya,0.0773,0.4653,Кошка,0.0,False,0.7276,0.2629
img_0180.jpg,Кошка,0.0334,0.8983,0.0683,640x480,Expert_Anna,0.1017,0.5672,Кошка,0.0,False,0.7276,0.2887
img_0181.jpg,Собака,0.348,0.3143,0.3377,800x600,Intern_Vasya,0.652,1.5837,Собака,0.0,False,0.6821,0.5361
img_0182.jpg,Кошка,0.3537,0.3133,0.3329,640x480,Intern_Vasya,0.6463,1.5832,Собака,0.3537,False,0.7276,0.6865
img_0183.jpg,Собака,0.3029,0.3059,0.3912,1920x1080,Expert_Bob,0.6088,1.5744,Мышь,0.3912,False,0.6821,0.6902
img_0184.jpg,Собака,0.3158,0.3752,0.309,800x600,Intern_Vasya,0.6248,1.5793,Кошка,0.3752,False,0.6821,0.6851
img_0185.jpg,Кошка,0.0696,0.8683,0.0621,640x480,Expert_Bob,0.1317,0.6935,Кошка,0.0,False,0.7276,0.3205
img_0186.jpg,Собака,0.3152,0.3188,0.366,800x600,Expert_Bob,0.634,1.5815,Мышь,0.366,False,0.6821,0.6819
img_0187.jpg,Кошка,0.0811,0.8986,0.0203,800x600,Expert_Anna,0.1014,0.5467,Кошка,0.0,False,0.7276,0.2835
img_0188.jpg,Собака,0.957,0.0268,0.0163,1920x1080,Intern_Vasya,0.043,0.2974,Собака,0.0,False,0.6821,0.2115
img_0189.jpg,Кошка,0.3356,0.3721,0.2923,1920x1080,Expert_Anna,0.6279,1.578,Кошка,0.0,False,0.7276,0.5438
img_0190.jpg,Собака,0.9402,0.0318,0.028,640x480,Intern_Vasya,0.0598,0.3863,Собака,0.0,False,0.6821,0.2339
img_0191.jpg,Мышь,0.0816,0.0684,0.85,800x600,Expert_Anna,0.15,0.759,Мышь,0.0,False,6.2654,1.4446
img_0192.jpg,Кошка,0.0842,0.8367,0.0791,800x600,Expert_Anna,0.1633,0.8053,Кошка,0.0,False,0.7276,0.3488
img_0193.jpg,Собака,0.3295,0.3488,0.3217,1920x1080,Expert_Bob,0.6512,1.5841,Кошка,0.3488,False,0.6821,0.6757
img_0194.jpg,Собака,0.9185,0.0523,0.0292,800x600,Intern_Vasya,0.0815,0.4842,Собака,0.0,False,0.6821,0.2586
img_0195.jpg,Кошка,0.3081,0.3332,0.3587,800x600,Expert_Anna,0.6413,1.5822,Мышь,0.3587,False,0.7276,0.6883
img_0196.jpg,Кошка,0.0613,0.8511,0.0876,800x600,Expert_Bob,0.1489,0.7526,Кошка,0.0,False,0.7276,0.3355
img_0197.jpg,Собака,0.8982,0.0221,0.0797,1920x1080,Expert_Bob,0.1018,0.5515,Собака,0.0,False,0.6821,0.2756
img_0198.jpg,Кошка,0.0599,0.8564,0.0837,1920x1080,Expert_Bob,0.1436,0.7343,Кошка,0.0,False,0.7276,0.3308
img_0199.jpg,Собака,0.8806,0.0353,0.084,640x480,Expert_Anna,0.1194,0.632,Собака,0.0,False,0.6821,0.2959
img_0200.jpg,Собака,0.0604,0.852,0.0876,800x600,Expert_Anna,0.148,0.7492,Кошка,0.852,False,0.6821,0.6663
img_0201.jpg,Мышь,0.0904,0.0215,0.8881,800x600,Intern_Vasya,0.1119,0.5846,Мышь,0.0,False,6.2654,1.4006
img_0202.jpg,Кошка,0.3248,0.3756,0.2997,640x480,Expert_Bob,0.6244,1.5786,Кошка,0.0,False,0.7276,0.5439
img_0203.jpg,Собака,0.8602,0.07,0.0698,640x480,Expert_Bob,0.1398,0.7235,Собака,0.0,False,0.6821,0.319
img_0204.jpg,Собака,0.3498,0.3447,0.3055,640x480,Intern_Vasya,0.6502,1.5824,Собака,0.0,False,0.6821,0.5358
img_0205.jpg,Собака,0.3166,0.3102,0.3732,640x480,Expert_Anna,0.6268,1.5799,Мышь,0.3732,False,0.6821,0.6844
img_0206.jpg,Собака,0.9094,0.0428,0.0479,1920x1080,Expert_Anna,0.0906,0.5292,Собака,0.0,False,0.6821,0.27
img_0207.jpg,Кошка,0.0239,0.9203,0.0558,800x600,Expert_Bob,0.0797,0.4713,Кошка,0.0,False,0.7276,0.2645
img_0208.jpg,Кошка,0.0115,0.8958,0.0927,1920x1080,Expert_Anna,0.1042,0.5344,Кошка,0.0,False,0.7276,0.2804
img_0209.jpg,Собака,0.8326,0.0934,0.074,800x600,Expert_Anna,0.1674,0.8175,Собака,0.0,False,0.6821,0.3427
img_0210.jpg,Кошка,0.058,0.0606,0.8814,640x480,Intern_Vasya,0.1186,0.6439,Мышь,0.8814,False,0.7276,0.6606
img_0211.jpg,Кошка,0.0933,0.0925,0.8143,800x600,Expert_Anna,0.1857,0.8783,Мышь,0.8143,False,0.7276,0.6929
img_0212.jpg,Кошка,0.3622,0.3578,0.2799,800x600,Expert_Anna,0.6378,1.5754,Собака,0.3622,False,0.7276,0.688
img_0213.jpg,Собака,0.8629,0.0835,0.0536,800x600,Intern_Vasya,0.1371,0.709,Собака,0.0,False,0.6821,0.3153
img_0214.jpg,Кошка,0.0442,0.9171,0.0387,800x600,Expert_Bob,0.0829,0.495,Кошка,0.0,False,0.7276,0.2704
img_0215.jpg,Собака,0.3037,0.3501,0.3463,640x480,Expert_Bob,0.6499,1.5821,Кошка,0.3501,False,0.6821,0.6757
img_0216.jpg,Кошка,0.0605,0.8969,0.0426,800x600,Expert_Bob,0.1031,0.5796,Кошка,0.0,False,0.7276,0.2918
img_0217.jpg,Собака,0.9163,0.0524,0.0312,800x600,Intern_Vasya,0.0837,0.4945,Собака,0.0,False,0.6821,0.2612
img_0218.jpg,Собака,0.9159,0.0269,0.0571,1920x1080,Expert_Anna,0.0841,0.4922,Собака,0.0,False,0.6821,0.2606
img_0219.jpg,Мышь,0.8977,0.0416,0.0607,640x480,Intern_Vasya,0.1023,0.576,Собака,0.8977,False,6.2654,1.7575
img_0220.jpg,Мышь,0.9112,0.0647,0.0241,640x480,Expert_Bob,0.0888,0.5074,Собака,0.9112,False,6.2654,1.7456
img_0221.jpg,Кошка,0.3223,0.3623,0.3154,1920x1080,Expert_Bob,0.6377,1.5822,Кошка,0.0,False,0.7276,0.5448
img_0222.jpg,Кошка,0.1022,0.8327,0.0651,800x600,Expert_Anna,0.1673,0.8128,Кошка,0.0,False,0.7276,0.3506
img_0223.jpg,Мышь,0.082,0.0306,0.8875,800x600,Expert_Anna,0.1125,0.6026,Мышь,0.0,False,6.2654,1.4052
img_0224.jpg,Собака,0.9324,0.0137,0.0539,800x600,Intern_Vasya,0.0676,0.4061,Собака,0.0,False,0.6821,0.2389
img_0225.jpg,Собака,0.8732,0.0775,0.0493,800x600,Intern_Vasya,0.1268,0.6708,Собака,0.0,False,0.6821,0.3057
img_0226.jpg,Собака,0.3273,0.3334,0.3393,800x600,Intern_Vasya,0.6607,1.5848,Мышь,0.3393,True,0.6821,0.0
img_0227.jpg,Собака,0.8958,0.0241,0.0801,800x600,Expert_Bob,0.1042,0.5635,Собака,0.0,False,0.6821,0.2786
img_0228.jpg,Собака,0.3242,0.3239,0.3519,640x480,Expert_Anna,0.6481,1.5839,Мышь,0.3519,False,0.6821,0.6769
img_0229.jpg,Кошка,0.0465,0.9296,0.0239,800x600,Expert_Anna,0.0704,0.4325,Кошка,0.0,False,0.7276,0.2547
img_0230.jpg,Собака,0.9521,0.014,0.0338,800x600,Intern_Vasya,0.0479,0.3188,Собака,0.0,True,0.6821,0.0
img_0231.jpg,Собака,0.9683,0.012,0.0197,800x600,Intern_Vasya,0.0317,0.2332,Собака,0.0,False,0.6821,0.1953
img_0232.jpg,Собака,0.891,0.0748,0.0342,640x480,Expert_Bob,0.109,0.5947,Собака,0.0,False,0.6821,0.2865
img_0233.jpg,Собака,0.0296,0.8896,0.0808,640x480,Expert_Anna,0.1104,0.5937,Кошка,0.8896,False,0.6821,0.6421
img_0234.jpg,Кошка,0.0492,0.9202,0.0306,1920x1080,Intern_Vasya,0.0798,0.4781,Кошка,0.0,False,0.7276,0.2662
img_0235.jpg,Собака,0.9668,0.0129,0.0204,1920x1080,Expert_Bob,0.0332,0.2426,Собака,0.0,False,0.6821,0.1976
img_0236.jpg,Кошка,0.3042,0.3317,0.3641,1920x1080,Expert_Bob,0.6359,1.5811,Мышь,0.3641,False,0.7276,0.6902
img_0237.jpg,Кошка,0.0481,0.868,0.0839,640x480,Expert_Bob,0.132,0.6878,Кошка,0.0,False,0.7276,0.3191
img_0238.jpg,Собака,0.888,0.0461,0.0659,800x600,Expert_Anna,0.112,0.6154,Собака,0.0,False,0.6821,0.2917
img_0239.jpg,Собака,0.8923,0.0473,0.0603,1920x1080,Intern_Vasya,0.1077,0.5992,Собака,0.0,False,0.6821,0.2876
img_0240.jpg,Кошка,0.0381,0.0995,0.8624,1920x1080,Expert_Bob,0.1376,0.695,Мышь,0.8624,False,0.7276,0.6659
img_0241.jpg,Кошка,0.0806,0.0492,0.8702,800x600,Intern_Vasya,0.1298,0.6812,Мышь,0.8702,False,0.7276,0.6655
img_0242.jpg,Собака,0.9513,0.0127,0.036,640x480,Expert_Bob,0.0487,0.3212,Собака,0.0,False,0.6821,0.2175
img_0243.jpg,Кошка,0.0639,0.9146,0.0215,640x480,Expert_Bob,0.0854,0.4904,Кошка,0.0,False,0.7276,0.2693
img_0244.jpg,Кошка,0.101,0.8729,0.0261,800x600,Expert_Bob,0.1271,0.6425,Кошка,0.0,False,0.7276,0.3077
img_0245.jpg,Собака,0.2951,0.3994,0.3055,800x600,Expert_Bob,0.6006,1.5711,Кошка,0.3994,False,0.6821,0.6927
img_0246.jpg,Кошка,0.0607,0.034,0.9054,640x480,Expert_Anna,0.0946,0.541,Мышь,0.9054,False,0.7276,0.6442
img_0247.jpg,Кошка,0.0919,0.8962,0.0119,800x600,Expert_Anna,0.1038,0.5343,Кошка,0.0,False,0.7276,0.2804
img_0248.jpg,Собака,0.8571,0.0831,0.0598,800x600,Expert_Bob,0.1429,0.7319,Собака,0.0,False,0.6821,0.3211
img_0249.jpg,Мышь,0.3379,0.2999,0.3622,640x480,Expert_Anna,0.6378,1.5807,Мышь,0.0,True,6.2654,0.0
img_0250.jpg,Собака,0.8888,0.0489,0.0623,640x480,Intern_Vasya,0.1112,0.6136,Собака,0.0,False,0.6821,0.2913
img_0251.jpg,Собака,0.9069,0.0758,0.0173,800x600,Expert_Anna,0.0931,0.5112,Собака,0.0,False,0.6821,0.2654
img_0252.jpg,Кошка,0.0343,0.9273,0.0385,640x480,Expert_Anna,0.0727,0.4488,Кошка,0.0,False,0.7276,0.2588
img_0253.jpg,Собака,0.349,0.3171,0.3339,1920x1080,Expert_Anna,0.651,1.5839,Собака,0.0,False,0.6821,0.5361
img_0254.jpg,Собака,0.0486,0.8645,0.0868,800x600,Intern_Vasya,0.1355,0.6997,Кошка,0.8645,False,0.6821,0.6588
img_0255.jpg,Кошка,0.3347,0.3254,0.3399,800x600,Intern_Vasya,0.6601,1.5847,Мышь,0.3399,False,0.7276,0.6814
img_0256.jpg,Кошка,0.0616,0.8854,0.053,800x600,Intern_Vasya,0.1146,0.6278,Кошка,0.0,False,0.7276,0.304
img_0257.jpg,Кошка,0.3227,0.378,0.2993,640x480,Expert_Anna,0.622,1.578,Кошка,0.0,False,0.7276,0.5438
img_0258.jpg,Кошка,0.0167,0.9288,0.0545,640x480,Expert_Bob,0.0712,0.4263,Кошка,0.0,True,0.7276,0.0
img_0259.jpg,Мышь,0.3235,0.3146,0.3619,800x600,Expert_Anna,0.6381,1.5823,Мышь,0.0,False,6.2654,1.6524
img_0260.jpg,Кошка,0.3506,0.3501,0.2992,1920x1080,Expert_Bob,0.6494,1.5811,Собака,0.3506,False,0.7276,0.6848
img_0261.jpg,Собака,0.9413,0.0411,0.0176,1920x1080,Expert_Anna,0.0587,0.374,Собака,0.0,False,0.6821,0.2308
img_0262.jpg,Собака,0.8515,0.0974,0.0511,800x600,Expert_Bob,0.1485,0.744,Собака,0.0,False,0.6821,0.3242
img_0263.jpg,Собака,0.8529,0.0792,0.0679,800x600,Intern_Vasya,0.1471,0.749,Собака,0.0,False,0.6821,0.3254
img_0264.jpg,Кошка,0.0691,0.8448,0.0862,1920x1080,Expert_Anna,0.1552,0.7768,Кошка,0.0,True,0.7276,0.0
img_0265.jpg,Кошка,0.0477,0.8649,0.0873,640x480,Expert_Anna,0.1351,0.6976,Кошка,0.0,False,0.7276,0.3216
img_0266.jpg,Собака,0.8334,0.0734,0.0932,1920x1080,Expert_Bob,0.1666,0.8148,Собака,0.0,False,0.6821,0.342
img_0267.jpg,Кошка,0.0607,0.9263,0.013,640x480,Expert_Anna,0.0737,0.4291,Кошка,0.0,False,0.7276,0.2538
img_0268.jpg,Кошка,0.033,0.8795,0.0875,800x600,Intern_Vasya,0.1205,0.6329,Кошка,0.0,False,0.7276,0.3052
img_0269.jpg,Кошка,0.0527,0.8612,0.0861,800x600,Intern_Vasya,0.1388,0.714,Кошка,0.0,False,0.7276,0.3257
img_0270.jpg,Собака,0.0853,0.8505,0.0642,640x480,Expert_Bob,0.1495,0.7559,Кошка,0.8505,False,0.6821,0.6674
img_0271.jpg,Собака,0.9061,0.0177,0.0762,800x600,Expert_Bob,0.0939,0.5149,Собака,0.0,False,0.6821,0.2664
img_0272.jpg,Собака,0.9433,0.0166,0.0401,800x600,Intern_Vasya,0.0567,0.3637,Собака,0.0,False,0.6821,0.2282
img_0273.jpg,Собака,0.3508,0.3145,0.3347,1920x1080,Intern_Vasya,0.6492,1.5835,Собака,0.0,False,0.6821,0.536
img_0274.jpg,Собака,0.893,0.0726,0.0344,640x480,Intern_Vasya,0.107,0.5877,Собака,0.0,False,0.6821,0.2847
img_0275.jpg,Мышь,0.8995,0.0119,0.0886,640x480,Expert_Bob,0.1005,0.5233,Собака,0.8995,False,6.2654,1.7449
img_0276.jpg,Кошка,0.0906,0.0785,0.8309,1920x1080,Intern_Vasya,0.1691,0.8241,Мышь,0.8309,False,0.7276,0.6859
img_0277.jpg,Кошка,0.0752,0.8742,0.0506,1920x1080,Intern_Vasya,0.1258,0.6681,Кошка,0.0,False,0.7276,0.3141
img_0278.jpg,Собака,0.3302,0.3491,0.3207,640x480,Intern_Vasya,0.6509,1.5841,Кошка,0.3491,False,0.6821,0.6758
img_0279.jpg,Кошка,0.3193,0.3296,0.3511,640x480,Intern_Vasya,0.6489,1.5838,Мышь,0.3511,False,0.7276,0.6857
img_0280.jpg,Собака,0.3302,0.3271,0.3427,1920x1080,Intern_Vasya,0.6573,1.5847,Мышь,0.3427,False,0.6821,0.6734
img_0281.jpg,Собака,0.9227,0.0419,0.0354,800x600,Expert_Bob,0.0773,0.4695,Собака,0.0,False,0.6821,0.2549
img_0282.jpg,Кошка,0.0124,0.9356,0.052,1920x1080,Intern_Vasya,0.0644,0.3902,Кошка,0.0,False,0.7276,0.244
img_0283.jpg,Кошка,0.0638,0.8507,0.0856,640x480,Expert_Bob,0.1493,0.7553,Кошка,0.0,False,0.7276,0.3361
img_0284.jpg,Кошка,0.0166,0.9014,0.082,800x600,Expert_Bob,0.0986,0.529,Кошка,0.0,False,0.7276,0.279
img_0285.jpg,Кошка,0.0489,0.9276,0.0235,1920x1080,Expert_Bob,0.0724,0.4407,Кошка,0.0,False,0.7276,0.2567
img_0286.jpg,Мышь,0.0296,0.0911,0.8793,1920x1080,Intern_Vasya,0.1207,0.6284,Мышь,0.0,False,6.2654,1.4117
img_0287.jpg,Кошка,0.0604,0.0331,0.9064,640x480,Expert_Bob,0.0936,0.5358,Мышь,0.9064,False,0.7276,0.6433
img_0288.jpg,Собака,0.8695,0.086,0.0445,800x600,Intern_Vasya,0.1305,0.6796,Собака,0.0,False,0.6821,0.3079
img_0289.jpg,Собака,0.8438,0.0764,0.0798,640x480,Intern_Vasya,0.1562,0.7813,Собака,0.0,False,0.6821,0.3336
img_0290.jpg,Собака,0.8827,0.0432,0.0741,640x480,Expert_Bob,0.1173,0.6329,Собака,0.0,False,0.6821,0.2961
img_0291.jpg,Собака,0.8812,0.0873,0.0316,1920x1080,Intern_Vasya,0.1188,0.6254,Собака,0.0,False,0.6821,0.2942
img_0292.jpg,Кошка,0.0622,0.8715,0.0663,640x480,Expert_Anna,0.1285,0.6817,Кошка,0.0,False,0.7276,0.3176
img_0293.jpg,Кошка,0.3763,0.3239,0.2998,800x600,Intern_Vasya,0.6237,1.5784,Собака,0.3763,False,0.7276,0.6944
img_0294.jpg,Собака,0.8386,0.0844,0.077,1920x1080,Expert_Anna,0.1614,0.7988,Собака,0.0,False,0.6821,0.338
img_0295.jpg,Кошка,0.0715,0.91,0.0185,800x600,Expert_Anna,0.09,0.5024,Кошка,0.0,False,0.7276,0.2723
img_0296.jpg,Собака,0.043,0.8829,0.0742,1920x1080,Expert_Bob,0.1171,0.6323,Кошка,0.8829,False,0.6821,0.6492
img_0297.jpg,Собака,0.3038,0.329,0.3673,640x480,Intern_Vasya,0.6327,1.5806,Мышь,0.3673,False,0.6821,0.6822
img_0298.jpg,Кошка,0.0175,0.9258,0.0567,640x480,Intern_Vasya,0.0742,0.4399,Кошка,0.0,False,0.7276,0.2565
img_0299.jpg,Собака,0.8809,0.0799,0.0392,1920x1080,Expert_Bob,0.1191,0.6356,Собака,0.0,False,0.6821,0.2968
img_0300.jpg,Кошка,0.0582,0.0325,0.9093,800x600,Expert_Anna,0.0907,0.5242,Мышь,0.9093,False,0.7276,0.6415
img_0301.jpg,Кошка,0.0634,0.8559,0.0806,800x600,Expert_Anna,0.1441,0.7373,Кошка,0.0,False,0.7276,0.3316
img_0302.jpg,Кошка,0.0794,0.8543,0.0663,640x480,Expert_Bob,0.1457,0.7438,Кошка,0.0,False,0.7276,0.3332
img_0303.jpg,Кошка,0.0728,0.0227,0.9044,800x600,Expert_Anna,0.0956,0.5303,Мышь,0.9044,False,0.7276,0.6411
img_0304.jpg,Собака,0.8908,0.087,0.0223,1920x1080,Expert_Bob,0.1092,0.5775,Собака,0.0,False,0.6821,0.2822
img_0305.jpg,Собака,0.8986,0.0229,0.0784,640x480,Intern_Vasya,0.1014,0.5513,Собака,0.0,False,0.6821,0.2755
img_0306.jpg,Мышь,0.0566,0.0108,0.9326,800x600,Expert_Anna,0.0674,0.3989,Мышь,0.0,False,6.2654,1.3537
img_0307.jpg,Мышь,0.3645,0.3405,0.295,1920x1080,Expert_Anna,0.6355,1.5795,Собака,0.3645,False,6.2654,1.7975
img_0308.jpg,Кошка,0.0693,0.8478,0.0829,640x480,Expert_Anna,0.1522,0.7666,Кошка,0.0,False,0.7276,0.339
img_0309.jpg,Кошка,0.0755,0.8316,0.0929,1920x1080,Intern_Vasya,0.1684,0.8211,Кошка,0.0,False,0.7276,0.3527
img_0310.jpg,Собака,0.0629,0.919,0.0181,1920x1080,Expert_Anna,0.081,0.4678,Кошка,0.919,False,0.6821,0.6221
img_0311.jpg,Кошка,0.365,0.3106,0.3245,1920x1080,Intern_Vasya,0.635,1.5816,Собака,0.365,False,0.7276,0.6907
img_0312.jpg,Кошка,0.0736,0.8641,0.0623,800x600,Expert_Anna,0.1359,0.7086,Кошка,0.0,False,0.7276,0.3243
img_0313.jpg,Кошка,0.0578,0.8645,0.0776,800x600,Expert_Anna,0.1355,0.7055,Кошка,0.0,False,0.7276,0.3236
img_0314.jpg,Собака,0.9049,0.0743,0.0208,1920x1080,Intern_Vasya,0.0951,0.5253,Собака,0.0,True,0.6821,0.0
img_0315.jpg,Собака,0.9458,0.0127,0.0414,800x600,Intern_Vasya,0.0542,0.3462,Собака,0.0,False,0.6821,0.2238
img_0316.jpg,Кошка,0.0808,0.8681,0.0511,1920x1080,Intern_Vasya,0.1319,0.6897,Кошка,0.0,False,0.7276,0.3196
img_0317.jpg,Собака,0.366,0.3206,0.3134,640x480,Intern_Vasya,0.634,1.5815,Собака,0.0,False,0.6821,0.5355
img_0318.jpg,Собака,0.2919,0.3639,0.3441,1920x1080,Expert_Anna,0.6361,1.5789,Кошка,0.3639,False,0.6821,0.6804
img_0319.jpg,Мышь,0.9125,0.0172,0.0703,800x600,Intern_Vasya,0.0875,0.4906,Собака,0.9125,False,6.2654,1.7419
img_0320.jpg,Собака,0.3112,0.39,0.2988,800x600,Expert_Anna,0.61,1.5746,Кошка,0.39,False,0.6821,0.6898
img_0321.jpg,Кошка,0.048,0.905,0.0469,1920x1080,Expert_Anna,0.095,0.5476,Кошка,0.0,False,0.7276,0.2837
img_0322.jpg,Собака,0.3149,0.3126,0.3726,640x480,Intern_Vasya,0.6274,1.5801,Мышь,0.3726,True,0.6821,0.0
img_0323.jpg,Кошка,0.051,0.9155,0.0334,640x480,Intern_Vasya,0.0845,0.4994,Кошка,0.0,False,0.7276,0.2716
img_0324.jpg,Собака,0.8961,0.0638,0.0401,800x600,Expert_Anna,0.1039,0.5812,Собака,0.0,False,0.6821,0.2831
img_0325.jpg,Кошка,0.0504,0.9241,0.0256,640x480,Intern_Vasya,0.0759,0.4578,Кошка,0.0,False,0.7276,0.2611
img_0326.jpg,Кошка,0.0719,0.8506,0.0775,1920x1080,Expert_Bob,0.1494,0.7576,Кошка,0.0,False,0.7276,0.3367
img_0327.jpg,Собака,0.9656,0.0216,0.0128,800x600,Expert_Bob,0.0344,0.2488,Собака,0.0,False,0.6821,0.1992
img_0328.jpg,Собака,0.3287,0.3556,0.3157,800x600,Expert_Bob,0.6444,1.5832,Кошка,0.3556,False,0.6821,0.6782
img_0329.jpg,Собака,0.9046,0.0218,0.0736,1920x1080,Intern_Vasya,0.0954,0.5282,Собака,0.0,False,0.6821,0.2697
img_0330.jpg,Кошка,0.0294,0.9541,0.0165,1920x1080,Expert_Anna,0.0459,0.312,Кошка,0.0,False,0.7276,0.2243
img_0331.jpg,Собака,0.3107,0.3744,0.3149,800x600,Expert_Anna,0.6256,1.5796,Кошка,0.3744,False,0.6821,0.6848
img_0332.jpg,Кошка,0.0541,0.9284,0.0175,640x480,Intern_Vasya,0.0716,0.4293,Кошка,0.0,False,0.7276,0.2539
img_0333.jpg,Собака,0.9029,0.062,0.0351,800x600,Intern_Vasya,0.0971,0.5514,Собака,0.0,False,0.6821,0.2756
img_0334.jpg,Кошка,0.0881,0.8982,0.0137,640x480,Expert_Anna,0.1018,0.5327,Кошка,0.0,False,0.7276,0.28
img_0335.jpg,Мышь,0.2954,0.3195,0.3851,800x600,Expert_Anna,0.6149,1.5758,Мышь,0.0,False,6.2654,1.6508
img_0336.jpg,Кошка,0.0223,0.9134,0.0642,640x480,Expert_Bob,0.0866,0.496,Кошка,0.0,False,0.7276,0.2707
img_0337.jpg,Собака,0.947,0.0115,0.0415,640x480,Expert_Bob,0.053,0.339,Собака,0.0,False,0.6821,0.222
img_0338.jpg,Собака,0.9373,0.0478,0.0149,1920x1080,Expert_Bob,0.0627,0.3877,Собака,0.0,False,0.6821,0.2343
img_0339.jpg,Кошка,0.0458,0.022,0.9322,640x480,Intern_Vasya,0.0678,0.4193,Мышь,0.9322,False,0.7276,0.6242
img_0340.jpg,Кошка,0.0885,0.8844,0.027,640x480,Intern_Vasya,0.1156,0.607,Кошка,0.0,False,0.7276,0.2987
img_0341.jpg,Кошка,0.0636,0.9243,0.0121,1920x1080,Expert_Bob,0.0757,0.4348,Кошка,0.0,False,0.7276,0.2552
img_0342.jpg,Кошка,0.0139,0.916,0.07,800x600,Expert_Bob,0.084,0.4702,Кошка,0.0,False,0.7276,0.2642
img_0343.jpg,Собака,0.0694,0.8927,0.0379,640x480,Intern_Vasya,0.1073,0.5922,Кошка,0.8927,False,0.6821,0.643
img_0344.jpg,Собака,0.8644,0.0819,0.0536,640x480,Expert_Anna,0.1356,0.7037,Собака,0.0,False,0.6821,0.314
img_0345.jpg,Собака,0.8823,0.0638,0.0539,800x600,Expert_Bob,0.1177,0.6398,Собака,0.0,False,0.6821,0.2979
img_0346.jpg,Собака,0.9457,0.0176,0.0367,800x600,Intern_Vasya,0.0543,0.3537,Собака,0.0,False,0.6821,0.2257
img_0347.jpg,Собака,0.0842,0.8226,0.0931,640x480,Expert_Anna,0.1774,0.8512,Кошка,0.8226,False,0.6821,0.6803
img_0348.jpg,Кошка,0.0266,0.9034,0.07,640x480,Expert_Anna,0.0966,0.5401,Кошка,0.0,False,0.7276,0.2818
img_0349.jpg,Кошка,0.0555,0.9162,0.0283,640x480,Expert_Bob,0.0838,0.4927,Кошка,0.0,False,0.7276,0.2699
img_0350.jpg,Собака,0.9059,0.0668,0.0273,800x600,Expert_Anna,0.0941,0.5318,Собака,0.0,False,0.6821,0.2706
img_0351.jpg,Кошка,0.0176,0.947,0.0354,800x600,Expert_Anna,0.053,0.3476,Кошка,0.0,False,0.7276,0.2332
img_0352.jpg,Собака,0.3385,0.3347,0.3269,800x600,Intern_Vasya,0.6615,1.5848,Собака,0.0,False,0.6821,0.5364
img_0353.jpg,Кошка,0.0447,0.9151,0.0402,800x600,Intern_Vasya,0.0849,0.5039,Кошка,0.0,False,0.7276,0.2727
img_0354.jpg,Собака,0.8547,0.0852,0.0601,1920x1080,Expert_Anna,0.1453,0.7401,Собака,0.0,False,0.6821,0.3232
img_0355.jpg,Кошка,0.0663,0.8556,0.0781,1920x1080,Expert_Anna,0.1444,0.7394,Кошка,0.0,False,0.7276,0.3321
img_0356.jpg,Собака,0.9083,0.0326,0.0591,1920x1080,Expert_Bob,0.0917,0.5282,Собака,0.0,False,0.6821,0.2697
img_0357.jpg,Кошка,0.028,0.9074,0.0646,640x480,Intern_Vasya,0.0926,0.527,Кошка,0.0,False,0.7276,0.2785
img_0358.jpg,Кошка,0.023,0.8801,0.0969,640x480,Expert_Anna,0.1199,0.6136,Кошка,0.0,False,0.7276,0.3004
img_0359.jpg,Собака,0.8861,0.0897,0.0242,1920x1080,Expert_Bob,0.1139,0.5966,Собака,0.0,False,0.6821,0.287
img_0360.jpg,Кошка,0.0529,0.8611,0.086,640x480,Intern_Vasya,0.1389,0.7145,Кошка,0.0,False,0.7276,0.3258
img_0361.jpg,Собака,0.8872,0.0452,0.0676,1920x1080,Expert_Bob,0.1128,0.6179,Собака,0.0,False,0.6821,0.2924
img_0362.jpg,Собака,0.0451,0.9218,0.0331,800x600,Intern_Vasya,0.0782,0.4727,Кошка,0.9218,False,0.6821,0.6244
img_0363.jpg,Кошка,0.0376,0.9416,0.0208,1920x1080,Expert_Anna,0.0584,0.3759,Кошка,0.0,False,0.7276,0.2404
img_0364.jpg,Собака,0.9456,0.0355,0.0189,1920x1080,Expert_Bob,0.0544,0.3555,Собака,0.0,False,0.6821,0.2261
img_0365.jpg,Кошка,0.3259,0.3178,0.3563,1920x1080,Expert_Bob,0.6437,1.5832,Мышь,0.3563,False,0.7276,0.6876
img_0366.jpg,Кошка,0.0465,0.891,0.0625,640x480,Expert_Anna,0.109,0.6042,Кошка,0.0,False,0.7276,0.298
img_0367.jpg,Кошка,0.0256,0.9608,0.0136,800x600,Expert_Bob,0.0392,0.2751,Кошка,0.0,False,0.7276,0.2149
img_0368.jpg,Кошка,0.0648,0.049,0.8861,1920x1080,Expert_Anna,0.1139,0.6236,Мышь,0.8861,False,0.7276,0.6573
img_0369.jpg,Собака,0.8756,0.094,0.0304,1920x1080,Intern_Vasya,0.1244,0.6417,Собака,0.0,False,0.6821,0.2984
img_0370.jpg,Собака,0.328,0.316,0.356,1920x1080,Expert_Anna,0.644,1.5832,Мышь,0.356,False,0.6821,0.6784
img_0371.jpg,Мышь,0.3893,0.3062,0.3044,800x600,Intern_Vasya,0.6107,1.575,Собака,0.3893,False,6.2654,1.8063
img_0372.jpg,Кошка,0.0514,0.9095,0.039,640x480,Intern_Vasya,0.0905,0.5271,Кошка,0.0,False,0.7276,0.2785
img_0373.jpg,Кошка,0.2937,0.315,0.3913,640x480,Expert_Bob,0.6087,1.5738,Мышь,0.3913,False,0.7276,0.6992
img_0374.jpg,Собака,0.8967,0.0102,0.0931,800x600,Intern_Vasya,0.1033,0.5274,Собака,0.0,False,0.6821,0.2695
img_0375.jpg,Собака,0.8927,0.0509,0.0564,1920x1080,Expert_Bob,0.1073,0.5988,Собака,0.0,False,0.6821,0.2875
img_0376.jpg,Кошка,0.0744,0.9121,0.0135,800x600,Expert_Anna,0.0879,0.4838,Кошка,0.0,False,0.7276,0.2676
img_0377.jpg,Собака,0.0651,0.8723,0.0626,1920x1080,Intern_Vasya,0.1277,0.6788,Кошка,0.8723,False,0.6821,0.6566
img_0378.jpg,Кошка,0.0175,0.0669,0.9156,640x480,Intern_Vasya,0.0844,0.4796,Мышь,0.9156,False,0.7276,0.6328
img_0379.jpg,Кошка,0.0238,0.8979,0.0783,640x480,Intern_Vasya,0.1021,0.5556,Кошка,0.0,False,0.7276,0.2857
img_0380.jpg,Кошка,0.0649,0.8756,0.0595,640x480,Intern_Vasya,0.1244,0.6661,Кошка,0.0,False,0.7276,0.3136
img_0381.jpg,Собака,0.336,0.2921,0.3719,640x480,Expert_Anna,0.6281,1.578,Мышь,0.3719,False,0.6821,0.6834
img_0382.jpg,Мышь,0.0675,0.0664,0.8662,800x600,Intern_Vasya,0.1338,0.7018,Мышь,0.0,False,6.2654,1.4302
img_0383.jpg,Собака,0.3309,0.3679,0.3011,1920x1080,Expert_Anna,0.6321,1.5801,Кошка,0.3679,False,0.6821,0.6823
img_0384.jpg,Кошка,0.0599,0.0865,0.8535,640x480,Intern_Vasya,0.1465,0.7438,Мышь,0.8535,False,0.7276,0.6746
img_0385.jpg,Кошка,0.0451,0.8772,0.0777,800x600,Expert_Bob,0.1228,0.6538,Кошка,0.0,False,0.7276,0.3105
img_0386.jpg,Собака,0.8642,0.0893,0.0465,640x480,Expert_Anna,0.1358,0.699,Собака,0.0,False,0.6821,0.3128
img_0387.jpg,Кошка,0.3229,0.3453,0.3318,1920x1080,Expert_Bob,0.6547,1.5844,Кошка,0.0,False,0.7276,0.5454
img_0388.jpg,Собака,0.341,0.3161,0.3429,800x600,Expert_Bob,0.6571,1.584,Мышь,0.3429,False,0.6821,0.6733
img_0389.jpg,Кошка,0.3184,0.3756,0.306,640x480,Expert_Anna,0.6244,1.5791,Кошка,0.0,False,0.7276,0.544
img_0390.jpg,Собака,0.9132,0.0421,0.0447,1920x1080,Expert_Bob,0.0868,0.5124,Собака,0.0,False,0.6821,0.2657
img_0391.jpg,Собака,0.333,0.3497,0.3172,640x480,Expert_Bob,0.6503,1.5838,Кошка,0.3497,False,0.6821,0.676
img_0392.jpg,Собака,0.3459,0.3409,0.3132,1920x1080,Expert_Bob,0.6541,1.5836,Собака,0.0,False,0.6821,0.5361
img_0393.jpg,Кошка,0.3275,0.3434,0.3291,800x600,Expert_Anna,0.6566,1.5846,Кошка,0.0,False,0.7276,0.5454
img_0394.jpg,Кошка,0.052,0.0444,0.9036,640x480,Intern_Vasya,0.0964,0.5534,Мышь,0.9036,False,0.7276,0.6466
img_0395.jpg,Кошка,0.055,0.9029,0.0421,640x480,Expert_Bob,0.0971,0.5556,Кошка,0.0,False,0.7276,0.2857
img_0396.jpg,Кошка,0.045,0.8981,0.0569,800x600,Expert_Anna,0.1019,0.5759,Кошка,0.0,False,0.7276,0.2909
img_0397.jpg,Мышь,0.0689,0.0727,0.8583,800x600,Expert_Anna,0.1417,0.7301,Мышь,0.0,False,6.2654,1.4373
img_0398.jpg,Собака,0.9602,0.0287,0.0111,1920x1080,Expert_Bob,0.0398,0.2754,Собака,0.0,False,0.6821,0.2059
img_0399.jpg,Кошка,0.0912,0.8149,0.0938,640x480,Intern_Vasya,0.1851,0.876,Кошка,0.0,False,0.7276,0.3666
img_0400.jpg,Кошка,0.0936,0.8874,0.019,800x600,Intern_Vasya,0.1126,0.5814,Кошка,0.0,False,0.7276,0.2922
img_0401.jpg,Собака,0.9286,0.0347,0.0367,1920x1080,Expert_Anna,0.0714,0.4425,Собака,0.0,False,0.6821,0.2481
img_0402.jpg,Кошка,0.3352,0.3224,0.3424,1920x1080,Intern_Vasya,0.6576,1.5845,Мышь,0.3424,False,0.7276,0.6824
img_0403.jpg,Собака,0.9097,0.0382,0.0522,640x480,Intern_Vasya,0.0903,0.5265,Собака,0.0,False,0.6821,0.2693
img_0404.jpg,Собака,0.9021,0.0715,0.0264,800x600,Intern_Vasya,0.0979,0.5446,Собака,0.0,False,0.6821,0.2739
img_0405.jpg,Кошка,0.075,0.8629,0.0621,1920x1080,Expert_Bob,0.1371,0.7128,Кошка,0.0,False,0.7276,0.3254
img_0406.jpg,Мышь,0.35,0.3147,0.3354,1920x1080,Expert_Bob,0.65,1.5836,Собака,0.35,False,6.2654,1.7927
img_0407.jpg,Кошка,0.0538,0.8858,0.0605,800x600,Expert_Bob,0.1142,0.6266,Кошка,0.0,False,0.7276,0.3037
img_0408.jpg,Кошка,0.3148,0.3442,0.341,640x480,Intern_Vasya,0.6558,1.5838,Кошка,0.0,False,0.7276,0.5452
img_0409.jpg,Собака,0.9032,0.0299,0.0668,1920x1080,Intern_Vasya,0.0968,0.5449,Собака,0.0,False,0.6821,0.2739
img_0410.jpg,Собака,0.8642,0.0931,0.0428,640x480,Expert_Bob,0.1358,0.6954,Собака,0.0,False,0.6821,0.3119
img_0411.jpg,Кошка,0.0768,0.8428,0.0804,1920x1080,Intern_Vasya,0.1572,0.7847,Кошка,0.0,False,0.7276,0.3436
img_0412.jpg,Кошка,0.0719,0.0191,0.909,800x600,Expert_Anna,0.091,0.5073,Мышь,0.909,False,0.7276,0.6371
img_0413.jpg,Кошка,0.0569,0.8739,0.0692,640x480,Expert_Anna,0.1261,0.6719,Кошка,0.0,False,0.7276,0.3151
img_0414.jpg,Кошка,0.0306,0.9568,0.0126,1920x1080,Expert_Bob,0.0432,0.2944,Кошка,0.0,False,0.7276,0.2198
img_0415.jpg,Кошка,0.0648,0.0593,0.8759,800x600,Expert_Anna,0.1241,0.665,Мышь,0.8759,False,0.7276,0.6637
img_0416.jpg,Собака,0.8432,0.0559,0.101,800x600,Expert_Anna,0.1568,0.7741,Собака,0.0,False,0.6821,0.3318
img_0417.jpg,Собака,0.908,0.045,0.0471,1920x1080,Intern_Vasya,0.092,0.5354,Собака,0.0,False,0.6821,0.2715
img_0418.jpg,Кошка,0.3387,0.3773,0.284,1920x1080,Expert_Anna,0.6227,1.5753,Кошка,0.0,False,0.7276,0.5431
img_0419.jpg,Собака,0.0207,0.9128,0.0665,640x480,Expert_Anna,0.0872,0.496,Кошка,0.9128,False,0.6821,0.6267
img_0420.jpg,Кошка,0.0182,0.886,0.0958,640x480,Expert_Anna,0.114,0.5841,Кошка,0.0,False,0.7276,0.2929
img_0421.jpg,Кошка,0.0437,0.9094,0.0469,1920x1080,Expert_Anna,0.0906,0.529,Кошка,0.0,False,0.7276,0.279
img_0422.jpg,Кошка,0.3357,0.3002,0.3641,640x480,Expert_Bob,0.6359,1.5805,Мышь,0.3641,False,0.7276,0.69
img_0423.jpg,Собака,0.8621,0.0547,0.0833,800x600,Expert_Anna,0.1379,0.7125,Собака,0.0,False,0.6821,0.3162
img_0424.jpg,Собака,0.9213,0.0389,0.0397,640x480,Expert_Bob,0.0787,0.476,Собака,0.0,False,0.6821,0.2565
img_0425.jpg,Собака,0.0906,0.8546,0.0548,800x600,Intern_Vasya,0.1454,0.7372,Кошка,0.8546,False,0.6821,0.6643
img_0426.jpg,Кошка,0.3406,0.3087,0.3507,640x480,Expert_Anna,0.6493,1.5829,Мышь,0.3507,False,0.7276,0.6853
img_0427.jpg,Кошка,0.0956,0.8328,0.0716,1920x1080,Intern_Vasya,0.1672,0.816,Кошка,0.0,False,0.7276,0.3515
img_0428.jpg,Собака,0.9316,0.0185,0.0499,1920x1080,Intern_Vasya,0.0684,0.4175,Собака,0.0,False,0.6821,0.2418
img_0429.jpg,Кошка,0.0376,0.8882,0.0742,800x600,Expert_Anna,0.1118,0.6083,Кошка,0.0,False,0.7276,0.299
img_0430.jpg,Мышь,0.0292,0.0431,0.9277,640x480,Intern_Vasya,0.0723,0.4448,Мышь,0.0,False,6.2654,1.3653
img_0431.jpg,Собака,0.0867,0.8338,0.0796,1920x1080,Intern_Vasya,0.1662,0.8151,Кошка,0.8338,False,0.6821,0.6756
img_0432.jpg,Собака,0.8957,0.0196,0.0847,640x480,Expert_Anna,0.1043,0.5552,Собака,0.0,False,0.6821,0.2765
img_0433.jpg,Собака,0.8396,0.0836,0.0768,1920x1080,Intern_Vasya,0.1604,0.7955,Собака,0.0,False,0.6821,0.3372
img_0434.jpg,Кошка,0.0416,0.9111,0.0473,640x480,Intern_Vasya,0.0889,0.5214,Кошка,0.0,False,0.7276,0.2771
img_0435.jpg,Кошка,0.0936,0.8691,0.0372,800x600,Intern_Vasya,0.1309,0.6724,Кошка,0.0,False,0.7276,0.3152
img_0436.jpg,Собака,0.3227,0.3479,0.3295,640x480,Expert_Bob,0.6521,1.5842,Кошка,0.3479,False,0.6821,0.6754
img_0437.jpg,Мышь,0.0836,0.0493,0.8671,1920x1080,Expert_Anna,0.1329,0.6918,Мышь,0.0,False,6.2654,1.4277
img_0438.jpg,Собака,0.3084,0.3927,0.2989,800x600,Expert_Anna,0.6073,1.5737,Кошка,0.3927,False,0.6821,0.6906
img_0439.jpg,Собака,0.8786,0.0403,0.0811,1920x1080,Expert_Anna,0.1214,0.6447,Собака,0.0,False,0.6821,0.2991
img_0440.jpg,Собака,0.8731,0.0868,0.0401,800x600,Intern_Vasya,0.1269,0.6631,Собака,0.0,False,0.6821,0.3038
img_0441.jpg,Собака,0.8982,0.0266,0.0753,640x480,Expert_Anna,0.1018,0.5593,Собака,0.0,False,0.6821,0.2776
img_0442.jpg,Собака,0.0971,0.8194,0.0834,1920x1080,Intern_Vasya,0.1806,0.861,Кошка,0.8194,False,0.6821,0.6815
img_0443.jpg,Собака,0.8617,0.0876,0.0507,800x600,Expert_Bob,0.1383,0.7109,Собака,0.0,False,0.6821,0.3158
img_0444.jpg,Кошка,0.3586,0.3093,0.3322,800x600,Expert_Bob,0.6414,1.5823,Собака,0.3586,False,0.7276,0.6883
img_0445.jpg,Мышь,0.052,0.0263,0.9217,800x600,Expert_Bob,0.0783,0.4683,Мышь,0.0,False,6.2654,1.3713
img_0446.jpg,Кошка,0.0122,0.8924,0.0954,1920x1080,Intern_Vasya,0.1076,0.5475,Кошка,0.0,False,0.7276,0.2837
img_0447.jpg,Собака,0.9115,0.0498,0.0387,1920x1080,Intern_Vasya,0.0885,0.5189,Собака,0.0,False,0.6821,0.2674
img_0448.jpg,Собака,0.9061,0.021,0.0729,800x600,Intern_Vasya,0.0939,0.5214,Собака,0.0,False,0.6821,0.268
img_0449.jpg,Собака,0.898,0.0758,0.0262,640x480,Expert_Bob,0.102,0.5591,Собака,0.0,False,0.6821,0.2775
img_0450.jpg,Собака,0.9369,0.0487,0.0144,800x600,Expert_Anna,0.0631,0.3885,Собака,0.0,False,0.6821,0.2345
img_0451.jpg,Кошка,0.0163,0.0777,0.906,640x480,Expert_Bob,0.094,0.5122,Мышь,0.906,False,0.7276,0.6372
img_0452.jpg,Собака,0.0259,0.9317,0.0424,1920x1080,Expert_Anna,0.0683,0.4249,Кошка,0.9317,False,0.6821,0.6163
img_0453.jpg,Кошка,0.0647,0.8853,0.05,640x480,Intern_Vasya,0.1147,0.6273,Кошка,0.0,False,0.7276,0.3038
img_0454.jpg,Кошка,0.078,0.0613,0.8607,1920x1080,Intern_Vasya,0.1393,0.7203,Мышь,0.8607,False,0.7276,0.6716
img_0455.jpg,Кошка,0.0548,0.9244,0.0208,1920x1080,Expert_Anna,0.0756,0.4506,Кошка,0.0,True,0.7276,0.0
img_0456.jpg,Собака,0.3416,0.3253,0.333,800x600,Expert_Bob,0.6584,1.5847,Собака,0.0,False,0.6821,0.5363
img_0457.jpg,Кошка,0.0442,0.8847,0.0711,1920x1080,Intern_Vasya,0.1153,0.6264,Кошка,0.0,False,0.7276,0.3036
img_0458.jpg,Собака,0.8886,0.0525,0.059,800x600,Expert_Anna,0.1114,0.6155,Собака,0.0,False,0.6821,0.2918
img_0459.jpg,Кошка,0.0349,0.9418,0.0233,800x600,Expert_Bob,0.0582,0.3768,Кошка,0.0,False,0.7276,0.2406
img_0460.jpg,Кошка,0.0281,0.9416,0.0303,1920x1080,Expert_Anna,0.0584,0.3794,Кошка,0.0,False,0.7276,0.2413
img_0461.jpg,Кошка,0.0858,0.8578,0.0563,800x600,Intern_Vasya,0.1422,0.7275,Кошка,0.0,False,0.7276,0.3291
img_0462.jpg,Собака,0.3236,0.3242,0.3522,640x480,Expert_Bob,0.6478,1.5838,Мышь,0.3522,False,0.6821,0.677
img_0463.jpg,Собака,0.3138,0.3668,0.3194,640x480,Expert_Bob,0.6332,1.5813,Кошка,0.3668,False,0.6821,0.6822
img_0464.jpg,Собака,0.8709,0.0763,0.0528,1920x1080,Expert_Bob,0.1291,0.681,Собака,0.0,False,0.6821,0.3083
img_0465.jpg,Собака,0.3151,0.3313,0.3536,1920x1080,Intern_Vasya,0.6464,1.5833,Мышь,0.3536,False,0.6821,0.6774
img_0466.jpg,Мышь,0.8295,0.0926,0.078,640x480,Expert_Bob,0.1705,0.8287,Собака,0.8295,False,6.2654,1.794
img_0467.jpg,Кошка,0.0676,0.9015,0.0309,800x600,Expert_Bob,0.0985,0.5526,Кошка,0.0,False,0.7276,0.285
img_0468.jpg,Кошка,0.2867,0.384,0.3294,640x480,Intern_Vasya,0.616,1.5747,Кошка,0.0,False,0.7276,0.5429
img_0469.jpg,Собака,0.8521,0.0642,0.0838,1920x1080,Expert_Anna,0.1479,0.7508,Собака,0.0,False,0.6821,0.3259
img_0470.jpg,Мышь,0.352,0.3059,0.3421,1920x1080,Expert_Bob,0.648,1.5824,Собака,0.352,False,6.2654,1.7932
img_0471.jpg,Собака,0.8752,0.0719,0.0528,800x600,Expert_Bob,0.1248,0.6654,Собака,0.0,True,0.6821,0.0
img_0472.jpg,Кошка,0.0152,0.9022,0.0826,640x480,Expert_Anna,0.0978,0.5229,Кошка,0.0,False,0.7276,0.2775
img_0473.jpg,Собака,0.8977,0.0106,0.0917,640x480,Intern_Vasya,0.1023,0.5254,Собака,0.0,False,0.6821,0.269
img_0474.jpg,Собака,0.9238,0.0358,0.0404,800x600,Intern_Vasya,0.0762,0.4646,Собака,0.0,False,0.6821,0.2537
img_0475.jpg,Собака,0.0761,0.8958,0.0281,640x480,Expert_Anna,0.1042,0.5698,Кошка,0.8958,False,0.6821,0.6385
img_0476.jpg,Собака,0.3396,0.3596,0.3008,800x600,Expert_Anna,0.6404,1.5811,Кошка,0.3596,False,0.6821,0.6793
img_0477.jpg,Кошка,0.2947,0.3116,0.3937,640x480,Intern_Vasya,0.6063,1.5731,Мышь,0.3937,False,0.7276,0.7
img_0478.jpg,Собака,0.0375,0.8946,0.0679,800x600,Intern_Vasya,0.1054,0.5849,Кошка,0.8946,False,0.6821,0.6419
img_0479.jpg,Кошка,0.0274,0.9098,0.0628,1920x1080,Intern_Vasya,0.0902,0.517,Кошка,0.0,False,0.7276,0.276
img_0480.jpg,Собака,0.9323,0.0547,0.0131,800x600,Intern_Vasya,0.0677,0.4055,Собака,0.0,False,0.6821,0.2388
img_0481.jpg,Собака,0.0748,0.8355,0.0897,640x480,Expert_Bob,0.1645,0.8085,Кошка,0.8355,False,0.6821,0.6747
img_0482.jpg,Кошка,0.0583,0.8641,0.0776,640x480,Intern_Vasya,0.1359,0.7073,Кошка,0.0,False,0.7276,0.324
img_0483.jpg,Собака,0.2959,0.3273,0.3768,640x480,Intern_Vasya,0.6232,1.5778,Мышь,0.3768,False,0.6821,0.6853
img_0484.jpg,Собака,0.3174,0.3434,0.3392,640x480,Intern_Vasya,0.6566,1.5841,Кошка,0.3434,False,0.6821,0.6736
img_0485.jpg,Собака,0.3086,0.3347,0.3566,640x480,Intern_Vasya,0.6434,1.5824,Мышь,0.3566,False,0.6821,0.6784
img_0486.jpg,Собака,0.0308,0.9422,0.027,1920x1080,Expert_Anna,0.0578,0.3763,Кошка,0.9422,False,0.6821,0.6083
img_0487.jpg,Собака,0.0611,0.8641,0.0748,640x480,Expert_Bob,0.1359,0.7083,Кошка,0.8641,False,0.6821,0.6608
img_0488.jpg,Кошка,0.3467,0.3631,0.2902,800x600,Intern_Vasya,0.6369,1.5785,Кошка,0.0,False,0.7276,0.5439
img_0489.jpg,Кошка,0.0707,0.8514,0.0778,640x480,Intern_Vasya,0.1486,0.7544,Кошка,0.0,False,0.7276,0.3359
img_0490.jpg,Собака,0.0791,0.8951,0.0257,800x600,Expert_Anna,0.1049,0.5684,Кошка,0.8951,False,0.6821,0.6379
img_0491.jpg,Кошка,0.3616,0.3667,0.2717,800x600,Expert_Bob,0.6333,1.5722,Кошка,0.0,False,0.7276,0.5423
img_0492.jpg,Собака,0.9077,0.0208,0.0716,800x600,Expert_Bob,0.0923,0.5154,Собака,0.0,False,0.6821,0.2665
img_0493.jpg,Собака,0.8693,0.0514,0.0793,640x480,Expert_Anna,0.1307,0.6857,Собака,0.0,False,0.6821,0.3095
img_0494.jpg,Собака,0.3296,0.3442,0.3262,640x480,Expert_Bob,0.6558,1.5846,Кошка,0.3442,False,0.6821,0.674
img_0495.jpg,Мышь,0.0346,0.0572,0.9082,800x600,Intern_Vasya,0.0918,0.5302,Мышь,0.0,False,6.2654,1.3869
img_0496.jpg,Кошка,0.0687,0.9064,0.0249,800x600,Expert_Anna,0.0936,0.5266,Кошка,0.0,False,0.7276,0.2784
img_0497.jpg,Собака,0.9018,0.0294,0.0688,1920x1080,Expert_Anna,0.0982,0.5497,Собака,0.0,False,0.6821,0.2751
img_0498.jpg,Собака,0.8675,0.0477,0.0848,640x480,Expert_Bob,0.1325,0.6892,Собака,0.0,False,0.6821,0.3104
img_0499.jpg,Собака,0.0624,0.8695,0.0681,1920x1080,Expert_Bob,0.1305,0.6891,Кошка,0.8695,False,0.6821,0.6581
img_0500.jpg,Кошка,0.3096,0.3614,0.3291,1920x1080,Expert_Anna,0.6386,1.582,Кошка,0.0,False,0.7276,0.5448
img_0501.jpg,Собака,0.9113,0.076,0.0128,800x600,Expert_Bob,0.0887,0.4852,Собака,0.0,False,0.6821,0.2589
img_0502.jpg,Собака,0.8609,0.0961,0.0431,800x600,Intern_Vasya,0.1391,0.7063,Собака,0.0,False,0.6821,0.3147
img_0503.jpg,Собака,0.8867,0.0336,0.0797,640x480,Expert_Bob,0.1133,0.6092,Собака,0.0,False,0.6821,0.2902
img_0504.jpg,Собака,0.8854,0.0461,0.0686,640x480,Intern_Vasya,0.1146,0.6253,Собака,0.0,False,0.6821,0.2942
img_0505.jpg,Кошка,0.0608,0.894,0.0452,1920x1080,Expert_Anna,0.106,0.5921,Кошка,0.0,False,0.7276,0.2949
img_0506.jpg,Собака,0.0103,0.9479,0.0419,640x480,Expert_Bob,0.0521,0.3329,Кошка,0.9479,False,0.6821,0.5996
img_0507.jpg,Кошка,0.0185,0.9279,0.0536,800x600,Expert_Anna,0.0721,0.4329,Кошка,0.0,False,0.7276,0.2548
img_0508.jpg,Кошка,0.0161,0.9223,0.0616,640x480,Expert_Bob,0.0777,0.4512,Кошка,0.0,False,0.7276,0.2594
img_0509.jpg,Собака,0.8474,0.0706,0.0821,640x480,Expert_Bob,0.1526,0.7685,Собака,0.0,False,0.6821,0.3304
img_0510.jpg,Кошка,0.3662,0.3432,0.2906,640x480,Expert_Anna,0.6338,1.5784,Собака,0.3662,False,0.7276,0.6903
img_0511.jpg,Собака,0.8856,0.038,0.0764,800x600,Expert_Bob,0.1144,0.618,Собака,0.0,False,0.6821,0.2924
img_0512.jpg,Кошка,0.0845,0.8638,0.0518,1920x1080,Expert_Anna,0.1362,0.7049,Кошка,0.0,False,0.7276,0.3234
img_0513.jpg,Кошка,0.044,0.9361,0.02,1920x1080,Expert_Anna,0.0639,0.4003,Кошка,0.0,False,0.7276,0.2465
img_0514.jpg,Собака,0.3137,0.3356,0.3507,800x600,Intern_Vasya,0.6493,1.5835,Мышь,0.3507,False,0.6821,0.6763
img_0515.jpg,Собака,0.3556,0.3375,0.3069,640x480,Expert_Anna,0.6444,1.5823,Собака,0.0,False,0.6821,0.5357
img_0516.jpg,Собака,0.3422,0.3671,0.2907,1920x1080,Expert_Bob,0.6329,1.5783,Кошка,0.3671,False,0.6821,0.6816
img_0517.jpg,Мышь,0.3168,0.3691,0.3142,800x600,Intern_Vasya,0.6309,1.5809,Кошка,0.3691,False,6.2654,1.7997
img_0518.jpg,Собака,0.0642,0.908,0.0278,640x480,Expert_Bob,0.092,0.5244,Кошка,0.908,False,0.6821,0.632
img_0519.jpg,Кошка,0.0397,0.9483,0.0121,1920x1080,Expert_Bob,0.0517,0.3345,Кошка,0.0,False,0.7276,0.2299
img_0520.jpg,Собака,0.9128,0.0528,0.0344,800x600,Intern_Vasya,0.0872,0.5114,Собака,0.0,False,0.6821,0.2655
img_0521.jpg,Собака,0.0308,0.8873,0.0818,640x480,Intern_Vasya,0.1127,0.6032,Кошка,0.8873,False,0.6821,0.6436
img_0522.jpg,Собака,0.8698,0.0802,0.05,640x480,Intern_Vasya,0.1302,0.6831,Собака,0.0,False,0.6821,0.3088
img_0523.jpg,Кошка,0.3107,0.3157,0.3736,640x480,Expert_Bob,0.6264,1.5798,Мышь,0.3736,False,0.7276,0.6936
img_0524.jpg,Собака,0.3244,0.3283,0.3473,640x480,Expert_Bob,0.6527,1.5843,Мышь,0.3473,False,0.6821,0.6752
img_0525.jpg,Собака,0.3553,0.3048,0.3398,1920x1080,Intern_Vasya,0.6447,1.582,Собака,0.0,False,0.6821,0.5357
img_0526.jpg,Кошка,0.0207,0.9149,0.0644,1920x1080,Expert_Bob,0.0851,0.488,Кошка,0.0,False,0.7276,0.2687
img_0527.jpg,Собака,0.9439,0.0168,0.0393,640x480,Expert_Anna,0.0561,0.3612,Собака,0.0,False,0.6821,0.2276
img_0528.jpg,Собака,0.3077,0.3844,0.3079,800x600,Intern_Vasya,0.6156,1.5767,Кошка,0.3844,False,0.6821,0.6881
img_0529.jpg,Кошка,0.3078,0.3666,0.3256,640x480,Expert_Anna,0.6334,1.5811,Кошка,0.0,False,0.7276,0.5445
img_0530.jpg,Кошка,0.0886,0.0176,0.8938,800x600,Intern_Vasya,0.1062,0.5571,Мышь,0.8938,False,0.7276,0.6436
img_0531.jpg,Собака,0.0166,0.9594,0.024,800x600,Intern_Vasya,0.0406,0.2847,Кошка,0.9594,False,0.6821,0.592
img_0532.jpg,Собака,0.8588,0.0441,0.0972,640x480,Intern_Vasya,0.1412,0.7141,Собака,0.0,False,0.6821,0.3166
img_0533.jpg,Кошка,0.3241,0.3615,0.3144,640x480,Expert_Bob,0.6385,1.5823,Кошка,0.0,False,0.7276,0.5448
img_0534.jpg,Собака,0.9316,0.0161,0.0523,640x480,Expert_Bob,0.0684,0.4138,Собака,0.0,False,0.6821,0.2408
img_0535.jpg,Собака,0.0733,0.8946,0.032,800x600,Expert_Bob,0.1054,0.579,Кошка,0.8946,False,0.6821,0.6404
img_0536.jpg,Кошка,0.3082,0.3562,0.3355,800x600,Expert_Bob,0.6438,1.5824,Кошка,0.0,False,0.7276,0.5449
img_0537.jpg,Собака,0.8855,0.0698,0.0447,640x480,Expert_Bob,0.1145,0.6238,Собака,0.0,False,0.6821,0.2938
img_0538.jpg,Собака,0.9386,0.0296,0.0318,640x480,Expert_Bob,0.0614,0.3943,Собака,0.0,False,0.6821,0.2359
img_0539.jpg,Кошка,0.0579,0.9226,0.0195,800x600,Expert_Anna,0.0774,0.456,Кошка,0.0,True,0.7276,0.0
img_0540.jpg,Собака,0.9096,0.0162,0.0742,640x480,Expert_Anna,0.0904,0.4991,Собака,0.0,False,0.6821,0.2624
img_0541.jpg,Собака,0.888,0.0547,0.0573,800x600,Intern_Vasya,0.112,0.6179,Собака,0.0,False,0.6821,0.2924
img_0542.jpg,Собака,0.85,0.0828,0.0672,640x480,Expert_Bob,0.15,0.7587,Собака,0.0,False,0.6821,0.3279
img_0543.jpg,Кошка,0.3177,0.3513,0.331,1920x1080,Expert_Anna,0.6487,1.5837,Кошка,0.0,False,0.7276,0.5452
img_0544.jpg,Кошка,0.0158,0.9004,0.0838,1920x1080,Expert_Anna,0.0996,0.5306,Кошка,0.0,False,0.7276,0.2794
img_0545.jpg,Кошка,0.0165,0.952,0.0315,640x480,Expert_Anna,0.048,0.3224,Кошка,0.0,False,0.7276,0.2269
img_0546.jpg,Собака,0.8841,0.0391,0.0768,640x480,Expert_Bob,0.1159,0.6244,Собака,0.0,False,0.6821,0.294
img_0547.jpg,Собака,0.2872,0.3611,0.3517,1920x1080,Intern_Vasya,0.6389,1.5778,Кошка,0.3611,False,0.6821,0.679
img_0548.jpg,Мышь,0.0798,0.0284,0.8917,640x480,Expert_Bob,0.1083,0.5844,Мышь,0.0,False,6.2654,1.4006
img_0549.jpg,Собака,0.9691,0.0136,0.0173,800x600,Expert_Bob,0.0309,0.2295,Собака,0.0,False,0.6821,0.1943
img_0550.jpg,Собака,0.8786,0.0627,0.0587,1920x1080,Intern_Vasya,0.1214,0.6547,Собака,0.0,False,0.6821,0.3016
img_0551.jpg,Кошка,0.0652,0.8931,0.0417,640x480,Expert_Anna,0.1069,0.5936,Кошка,0.0,False,0.7276,0.2953
img_0552.jpg,Кошка,0.096,0.8474,0.0566,1920x1080,Expert_Anna,0.1526,0.7615,Кошка,0.0,False,0.7276,0.3377
img_0553.jpg,Мышь,0.0743,0.0566,0.8691,800x600,Expert_Anna,0.1309,0.6891,Мышь,0.0,False,6.2654,1.427
img_0554.jpg,Кошка,0.0471,0.0954,0.8574,800x600,Expert_Anna,0.1426,0.7213,Мышь,0.8574,False,0.7276,0.6705
img_0555.jpg,Собака,0.8893,0.0752,0.0356,1920x1080,Expert_Bob,0.1107,0.6026,Собака,0.0,False,0.6821,0.2885
img_0556.jpg,Собака,0.09,0.8131,0.0969,640x480,Intern_Vasya,0.1869,0.8817,Кошка,0.8131,False,0.6821,0.6842
img_0557.jpg,Собака,0.027,0.8862,0.0867,640x480,Expert_Bob,0.1138,0.601,Кошка,0.8862,False,0.6821,0.6426
img_0558.jpg,Собака,0.0262,0.9016,0.0722,800x600,Expert_Anna,0.0984,0.5462,Кошка,0.9016,False,0.6821,0.6349
img_0559.jpg,Кошка,0.3444,0.3464,0.3092,640x480,Expert_Anna,0.6536,1.583,Кошка,0.0,False,0.7276,0.545
img_0560.jpg,Собака,0.8638,0.0444,0.0919,800x600,Intern_Vasya,0.1362,0.6984,Собака,0.0,False,0.6821,0.3127
img_0561.jpg,Кошка,0.0647,0.8492,0.0861,640x480,Intern_Vasya,0.1508,0.7604,Кошка,0.0,False,0.7276,0.3374
img_0562.jpg,Кошка,0.0263,0.0119,0.9618,640x480,Expert_Bob,0.0382,0.2682,Мышь,0.9618,False,0.7276,0.5979
img_0563.jpg,Собака,0.3454,0.372,0.2826,1920x1080,Expert_Anna,0.628,1.5757,Кошка,0.372,False,0.6821,0.6829
img_0564.jpg,Собака,0.0678,0.8542,0.078,1920x1080,Expert_Bob,0.1458,0.7445,Кошка,0.8542,False,0.6821,0.666
img_0565.jpg,Собака,0.888,0.0738,0.0382,800x600,Expert_Bob,0.112,0.6096,Собака,0.0,False,0.6821,0.2903
img_0566.jpg,Собака,0.3572,0.3313,0.3115,1920x1080,Expert_Bob,0.6428,1.5827,Собака,0.0,False,0.6821,0.5358
img_0567.jpg,Кошка,0.3243,0.367,0.3087,1920x1080,Intern_Vasya,0.633,1.5811,Кошка,0.0,False,0.7276,0.5445
img_0568.jpg,Собака,0.8379,0.0758,0.0863,800x600,Intern_Vasya,0.1621,0.8009,Собака,0.0,False,0.6821,0.3385
img_0569.jpg,Кошка,0.0336,0.0242,0.9422,640x480,Expert_Bob,0.0578,0.3753,Мышь,0.9422,False,0.7276,0.6171
img_0570.jpg,Кошка,0.3373,0.3375,0.3252,800x600,Expert_Bob,0.6625,1.5847,Кошка,0.0,False,0.7276,0.5454
img_0571.jpg,Кошка,0.0386,0.9129,0.0485,1920x1080,Expert_Bob,0.0871,0.513,Кошка,0.0,False,0.7276,0.275
img_0572.jpg,Собака,0.3456,0.3046,0.3498,640x480,Expert_Bob,0.6502,1.5822,Мышь,0.3498,False,0.6821,0.6756
img_0573.jpg,Собака,0.9044,0.0779,0.0177,800x600,Intern_Vasya,0.0956,0.521,Собака,0.0,True,0.6821,0.0
img_0574.jpg,Кошка,0.0897,0.0314,0.879,1920x1080,Intern_Vasya,0.121,0.6324,Мышь,0.879,False,0.7276,0.6567
img_0575.jpg,Кошка,0.068,0.0726,0.8594,1920x1080,Intern_Vasya,0.1406,0.7263,Мышь,0.8594,False,0.7276,0.6726
img_0576.jpg,Собака,0.3329,0.3241,0.343,1920x1080,Intern_Vasya,0.657,1.5846,Мышь,0.343,False,0.6821,0.6735
img_0577.jpg,Собака,0.0624,0.8575,0.0802,640x480,Expert_Anna,0.1425,0.7319,Кошка,0.8575,False,0.6821,0.6641
img_0578.jpg,Кошка,0.0745,0.8947,0.0308,800x600,Intern_Vasya,0.1053,0.5774,Кошка,0.0,False,0.7276,0.2912
img_0579.jpg,Собака,0.3526,0.3516,0.2958,640x480,Intern_Vasya,0.6474,1.5803,Собака,0.0,False,0.6821,0.5352
img_0580.jpg,Собака,0.0482,0.8675,0.0843,800x600,Expert_Anna,0.1325,0.6896,Кошка,0.8675,False,0.6821,0.6575
img_0581.jpg,Собака,0.8819,0.0981,0.02,800x600,Intern_Vasya,0.1181,0.6014,Собака,0.0,False,0.6821,0.2882
img_0582.jpg,Собака,0.8345,0.0749,0.0906,800x600,Intern_Vasya,0.1655,0.8117,Собака,0.0,False,0.6821,0.3413
img_0583.jpg,Собака,0.8803,0.0339,0.0858,1920x1080,Intern_Vasya,0.1197,0.6314,Собака,0.0,False,0.6821,0.2958
img_0584.jpg,Собака,0.8965,0.0111,0.0924,800x600,Expert_Bob,0.1035,0.5309,Собака,0.0,False,0.6821,0.2704
img_0585.jpg,Кошка,0.036,0.9299,0.034,1920x1080,Expert_Anna,0.0701,0.436,Кошка,0.0,False,0.7276,0.2556
img_0586.jpg,Мышь,0.0221,0.0804,0.8975,800x600,Expert_Bob,0.1025,0.554,Мышь,0.0,False,6.2654,1.3929
img_0587.jpg,Собака,0.9312,0.0121,0.0567,640x480,Intern_Vasya,0.0688,0.4076,Собака,0.0,False,0.6821,0.2393
img_0588.jpg,Кошка,0.0613,0.9032,0.0355,800x600,Expert_Bob,0.0968,0.5505,Кошка,0.0,False,0.7276,0.2844
img_0589.jpg,Кошка,0.0139,0.0884,0.8977,800x600,Expert_Anna,0.1023,0.5349,Мышь,0.8977,False,0.7276,0.6396
img_0590.jpg,Кошка,0.3336,0.3729,0.2935,640x480,Expert_Anna,0.6271,1.5781,Кошка,0.0,False,0.7276,0.5438
img_0591.jpg,Кошка,0.0189,0.8911,0.09,1920x1080,Intern_Vasya,0.1089,0.5691,Кошка,0.0,False,0.7276,0.2891
img_0592.jpg,Собака,0.8281,0.0917,0.0801,1920x1080,Expert_Anna,0.1719,0.8332,Собака,0.0,False,0.6821,0.3467
img_0593.jpg,Кошка,0.0171,0.092,0.891,800x600,Intern_Vasya,0.109,0.5654,Мышь,0.891,False,0.7276,0.6446
img_0594.jpg,Кошка,0.0176,0.9152,0.0671,800x600,Expert_Anna,0.0848,0.4811,Кошка,0.0,False,0.7276,0.2669
img_0595.jpg,Собака,0.8819,0.0615,0.0566,800x600,Expert_Anna,0.1181,0.6418,Собака,0.0,False,0.6821,0.2984
img_0596.jpg,Кошка,0.3109,0.3326,0.3565,1920x1080,Expert_Anna,0.6435,1.5827,Мышь,0.3565,False,0.7276,0.6875
img_0597.jpg,Кошка,0.0623,0.8892,0.0485,1920x1080,Expert_Anna,0.1108,0.6119,Кошка,0.0,False,0.7276,0.2999
img_0598.jpg,Собака,0.861,0.0644,0.0746,1920x1080,Expert_Bob,0.139,0.7201,Собака,0.0,False,0.6821,0.3181
img_0599.jpg,Кошка,0.3486,0.3162,0.3352,1920x1080,Expert_Anna,0.6514,1.5838,Собака,0.3486,False,0.7276,0.6847
img_0600.jpg,Кошка,0.0507,0.8595,0.0898,1920x1080,Intern_Vasya,0.1405,0.7181,Кошка,0.0,True,0.7276,0.0
img_0601.jpg,Собака,0.0803,0.8496,0.07,1920x1080,Expert_Anna,0.1504,0.7605,Кошка,0.8496,False,0.6821,0.6682
img_0602.jpg,Кошка,0.0368,0.9045,0.0587,640x480,Intern_Vasya,0.0955,0.5464,Кошка,0.0,False,0.7276,0.2834
img_0603.jpg,Собака,0.867,0.0351,0.0979,640x480,Expert_Bob,0.133,0.6763,Собака,0.0,False,0.6821,0.3071
img_0604.jpg,Собака,0.0549,0.8782,0.0669,640x480,Intern_Vasya,0.1218,0.6555,Кошка,0.8782,False,0.6821,0.6531
img_0605.jpg,Собака,0.9229,0.065,0.0121,1920x1080,Intern_Vasya,0.0771,0.4402,Собака,0.0,False,0.6821,0.2475
img_0606.jpg,Кошка,0.0327,0.0147,0.9526,1920x1080,Intern_Vasya,0.0474,0.3176,Мышь,0.9526,False,0.7276,0.6067
img_0607.jpg,Кошка,0.0827,0.8608,0.0565,1920x1080,Expert_Bob,0.1392,0.7178,Кошка,0.0,False,0.7276,0.3267
img_0608.jpg,Кошка,0.3763,0.3325,0.2912,640x480,Expert_Bob,0.6237,1.5771,Собака,0.3763,False,0.7276,0.694
img_0609.jpg,Кошка,0.0653,0.8937,0.0409,800x600,Expert_Bob,0.1063,0.5906,Кошка,0.0,False,0.7276,0.2946
img_0610.jpg,Собака,0.8857,0.0488,0.0656,1920x1080,Expert_Anna,0.1143,0.6255,Собака,0.0,False,0.6821,0.2943
img_0611.jpg,Собака,0.3152,0.3413,0.3435,800x600,Expert_Anna,0.6565,1.5839,Мышь,0.3435,False,0.6821,0.6735
img_0612.jpg,Кошка,0.0465,0.0456,0.9079,640x480,Intern_Vasya,0.0921,0.5355,Мышь,0.9079,False,0.7276,0.6438
img_0613.jpg,Собака,0.8895,0.0343,0.0763,1920x1080,Expert_Bob,0.1105,0.6004,Собака,0.0,False,0.6821,0.2879
img_0614.jpg,Кошка,0.0928,0.0112,0.8959,800x600,Expert_Anna,0.1041,0.5329,Мышь,0.8959,False,0.7276,0.6384
img_0615.jpg,Кошка,0.0339,0.0157,0.9504,1920x1080,Expert_Bob,0.0496,0.3294,Мышь,0.9504,False,0.7276,0.6088
img_0616.jpg,Собака,0.3083,0.3473,0.3444,1920x1080,Expert_Anna,0.6527,1.5829,Кошка,0.3473,False,0.6821,0.6748
img_0617.jpg,Собака,0.3368,0.3211,0.3421,640x480,Intern_Vasya,0.6579,1.5844,Мышь,0.3421,False,0.6821,0.6731
img_0618.jpg,Кошка,0.0807,0.9015,0.0179,800x600,Expert_Bob,0.0985,0.5318,Кошка,0.0,False,0.7276,0.2797
img_0619.jpg,Мышь,0.0917,0.0679,0.8404,1920x1080,Intern_Vasya,0.1596,0.7904,Мышь,0.0,False,6.2654,1.4526
img_0620.jpg,Собака,0.0574,0.8817,0.0609,800x600,Expert_Anna,0.1183,0.6427,Кошка,0.8817,False,0.6821,0.6513
img_0621.jpg,Кошка,0.3186,0.3523,0.329,800x600,Expert_Anna,0.6477,1.5837,Кошка,0.0,False,0.7276,0.5452
img_0622.jpg,Кошка,0.3046,0.3965,0.2989,800x600,Expert_Bob,0.6035,1.5723,Кошка,0.0,False,0.7276,0.5423
img_0623.jpg,Кошка,0.0612,0.9272,0.0116,800x600,Expert_Bob,0.0728,0.4223,Кошка,0.0,False,0.7276,0.2521
img_0624.jpg,Кошка,0.0403,0.8914,0.0683,1920x1080,Intern_Vasya,0.1086,0.599,Кошка,0.0,False,0.7276,0.2967
img_0625.jpg,Собака,0.0211,0.9381,0.0409,1920x1080,Expert_Bob,0.0619,0.3926,Кошка,0.9381,False,0.6821,0.6107
img_0626.jpg,Собака,0.8477,0.0828,0.0695,1920x1080,Intern_Vasya,0.1523,0.767,Собака,0.0,False,0.6821,0.33
img_0627.jpg,Собака,0.9292,0.034,0.0368,640x480,Intern_Vasya,0.0708,0.4396,Собака,0.0,False,0.6821,0.2474
img_0628.jpg,Кошка,0.0457,0.8777,0.0766,1920x1080,Expert_Bob,0.1223,0.6525,Кошка,0.0,False,0.7276,0.3102
img_0629.jpg,Собака,0.9123,0.0489,0.0388,1920x1080,Expert_Bob,0.0877,0.5156,Собака,0.0,False,0.6821,0.2665
img_0630.jpg,Кошка,0.0418,0.0617,0.8965,800x600,Expert_Bob,0.1035,0.5807,Мышь,0.8965,False,0.7276,0.6507
img_0631.jpg,Кошка,0.0475,0.8995,0.053,640x480,Intern_Vasya,0.1005,0.5709,Кошка,0.0,False,0.7276,0.2896
img_0632.jpg,Кошка,0.0981,0.8759,0.026,640x480,Expert_Bob,0.1241,0.6329,Кошка,0.0,False,0.7276,0.3052
img_0633.jpg,Собака,0.3404,0.3494,0.3102,800x600,Expert_Anna,0.6506,1.5831,Кошка,0.3494,False,0.6821,0.6757
img_0634.jpg,Кошка,0.0167,0.9446,0.0387,640x480,Expert_Anna,0.0554,0.3578,Кошка,0.0,False,0.7276,0.2358
img_0635.jpg,Кошка,0.0589,0.0391,0.902,1920x1080,Intern_Vasya,0.098,0.5577,Мышь,0.902,False,0.7276,0.6471
img_0636.jpg,Собака,0.9041,0.0729,0.023,1920x1080,Intern_Vasya,0.0959,0.5321,Собака,0.0,False,0.6821,0.2707
img_0637.jpg,Собака,0.2828,0.3406,0.3765,1920x1080,Expert_Anna,0.6235,1.5751,Мышь,0.3765,False,0.6821,0.6845
img_0638.jpg,Кошка,0.0479,0.9384,0.0137,640x480,Intern_Vasya,0.0616,0.3809,Кошка,0.0,False,0.7276,0.2416
img_0639.jpg,Кошка,0.3136,0.3097,0.3767,800x600,Intern_Vasya,0.6233,1.579,Мышь,0.3767,False,0.7276,0.6947
img_0640.jpg,Собака,0.8661,0.038,0.0959,640x480,Expert_Bob,0.1339,0.6833,Собака,0.0,False,0.6821,0.3089
img_0641.jpg,Собака,0.877,0.0367,0.0863,800x600,Intern_Vasya,0.123,0.6461,Собака,0.0,False,0.6821,0.2995
img_0642.jpg,Мышь,0.0724,0.0846,0.843,640x480,Intern_Vasya,0.157,0.7834,Мышь,0.0,False,6.2654,1.4508
img_0643.jpg,Собака,0.0456,0.9133,0.0411,1920x1080,Expert_Anna,0.0867,0.5119,Кошка,0.9133,False,0.6821,0.6309
img_0644.jpg,Кошка,0.0232,0.9196,0.0572,1920x1080,Expert_Anna,0.0804,0.4733,Кошка,0.0,False,0.7276,0.265
img_0645.jpg,Кошка,0.0875,0.8742,0.0383,800x600,Expert_Bob,0.1258,0.6573,Кошка,0.0,False,0.7276,0.3114
img_0646.jpg,Кошка,0.0299,0.9257,0.0444,800x600,Expert_Bob,0.0743,0.454,Кошка,0.0,False,0.7276,0.2601
img_0647.jpg,Кошка,0.0908,0.0564,0.8528,1920x1080,Expert_Bob,0.1472,0.7441,Мышь,0.8528,False,0.7276,0.6744
img_0648.jpg,Кошка,0.0233,0.0518,0.9249,640x480,Intern_Vasya,0.0751,0.4518,Мышь,0.9249,False,0.7276,0.6295
img_0649.jpg,Кошка,0.0438,0.8715,0.0847,800x600,Expert_Bob,0.1285,0.6723,Кошка,0.0,True,0.7276,0.0
img_0650.jpg,Кошка,0.0635,0.9073,0.0292,1920x1080,Intern_Vasya,0.0927,0.5287,Кошка,0.0,False,0.7276,0.2789
img_0651.jpg,Собака,0.8831,0.0553,0.0616,800x600,Intern_Vasya,0.1169,0.637,Собака,0.0,False,0.6821,0.2972
img_0652.jpg,Кошка,0.0902,0.8399,0.0699,1920x1080,Intern_Vasya,0.1601,0.7928,Кошка,0.0,False,0.7276,0.3456
img_0653.jpg,Кошка,0.0889,0.8294,0.0817,640x480,Intern_Vasya,0.1706,0.8295,Кошка,0.0,False,0.7276,0.3549
img_0654.jpg,Собака,0.8878,0.0316,0.0806,1920x1080,Intern_Vasya,0.1122,0.6027,Собака,0.0,False,0.6821,0.2885
img_0655.jpg,Кошка,0.0242,0.0534,0.9224,640x480,Intern_Vasya,0.0776,0.4631,Мышь,0.9224,False,0.7276,0.6314
img_0656.jpg,Собака,0.089,0.8666,0.0444,800x600,Expert_Anna,0.1334,0.6891,Кошка,0.8666,False,0.6821,0.657
img_0657.jpg,Мышь,0.0282,0.0782,0.8936,640x480,Expert_Bob,0.1064,0.5777,Мышь,0.0,False,6.2654,1.3989
img_0658.jpg,Кошка,0.0481,0.874,0.0779,640x480,Expert_Anna,0.126,0.6672,Кошка,0.0,False,0.7276,0.3139
img_0659.jpg,Кошка,0.0449,0.0812,0.8739,640x480,Intern_Vasya,0.1261,0.6651,Мышь,0.8739,False,0.7276,0.6629
img_0660.jpg,Собака,0.3846,0.3175,0.2979,1920x1080,Intern_Vasya,0.6154,1.5762,Собака,0.0,False,0.6821,0.5342
img_0661.jpg,Кошка,0.076,0.8485,0.0755,800x600,Expert_Anna,0.1515,0.7651,Кошка,0.0,False,0.7276,0.3386
img_0662.jpg,Собака,0.8651,0.0863,0.0486,1920x1080,Expert_Bob,0.1349,0.6979,Собака,0.0,False,0.6821,0.3125
img_0663.jpg,Кошка,0.3402,0.3799,0.2799,640x480,Expert_Bob,0.6201,1.5738,Кошка,0.0,False,0.7276,0.5427
img_0664.jpg,Мышь,0.0501,0.0681,0.8819,640x480,Expert_Bob,0.1181,0.6403,Мышь,0.0,False,6.2654,1.4147
img_0665.jpg,Кошка,0.0217,0.9367,0.0416,1920x1080,Expert_Bob,0.0633,0.3991,Кошка,0.0,True,0.7276,0.0
img_0666.jpg,Кошка,0.0376,0.8593,0.1031,1920x1080,Intern_Vasya,0.1407,0.7039,Кошка,0.0,False,0.7276,0.3232
img_0667.jpg,Кошка,0.0959,0.8228,0.0813,640x480,Expert_Bob,0.1772,0.8502,Кошка,0.0,False,0.7276,0.3601
img_0668.jpg,Кошка,0.279,0.3607,0.3603,1920x1080,Expert_Bob,0.6393,1.5751,Кошка,0.0,False,0.7276,0.543
img_0669.jpg,Собака,0.3493,0.3002,0.3505,640x480,Expert_Anna,0.6495,1.5813,Мышь,0.3505,False,0.6821,0.6757
img_0670.jpg,Кошка,0.0708,0.8586,0.0706,1920x1080,Expert_Anna,0.1414,0.7293,Кошка,0.0,False,0.7276,0.3296
img_0671.jpg,Собака,0.9189,0.0203,0.0608,800x600,Expert_Bob,0.0811,0.4719,Собака,0.0,False,0.6821,0.2555
img_0672.jpg,Собака,0.9326,0.0502,0.0172,800x600,Expert_Bob,0.0674,0.4114,Собака,0.0,False,0.6821,0.2402
img_0673.jpg,Кошка,0.0215,0.8759,0.1026,1920x1080,Expert_Anna,0.1241,0.6236,Кошка,0.0,False,0.7276,0.3029
img_0674.jpg,Собака,0.8966,0.0628,0.0407,640x480,Intern_Vasya,0.1034,0.5799,Собака,0.0,False,0.6821,0.2828
img_0675.jpg,Кошка,0.0582,0.0861,0.8557,1920x1080,Expert_Bob,0.1443,0.7358,Мышь,0.8557,False,0.7276,0.6735
img_0676.jpg,Собака,0.3099,0.3563,0.3339,640x480,Intern_Vasya,0.6437,1.5826,Кошка,0.3563,False,0.6821,0.6783
img_0677.jpg,Кошка,0.0296,0.0338,0.9365,640x480,Intern_Vasya,0.0635,0.4041,Мышь,0.9365,False,0.7276,0.6221
img_0678.jpg,Собака,0.8722,0.0897,0.0381,1920x1080,Expert_Bob,0.1278,0.6637,Собака,0.0,False,0.6821,0.3039
img_0679.jpg,Собака,0.8466,0.0626,0.0908,1920x1080,Expert_Anna,0.1534,0.7679,Собака,0.0,False,0.6821,0.3302
img_0680.jpg,Собака,0.9155,0.0645,0.0199,800x600,Expert_Anna,0.0845,0.4841,Собака,0.0,False,0.6821,0.2586
img_0681.jpg,Собака,0.0533,0.8862,0.0605,640x480,Intern_Vasya,0.1138,0.6247,Кошка,0.8862,False,0.6821,0.6486
img_0682.jpg,Собака,0.3024,0.3773,0.3203,800x600,Expert_Anna,0.6227,1.5784,Кошка,0.3773,False,0.6821,0.6857
img_0683.jpg,Собака,0.8447,0.0784,0.0769,800x600,Expert_Bob,0.1553,0.7782,Собака,0.0,False,0.6821,0.3328
img_0684.jpg,Кошка,0.0575,0.8618,0.0807,800x600,Expert_Bob,0.1382,0.7149,Кошка,0.0,False,0.7276,0.3259
img_0685.jpg,Собака,0.0549,0.923,0.0221,640x480,Intern_Vasya,0.077,0.4581,Кошка,0.923,False,0.6821,0.6212
img_0686.jpg,Собака,0.8734,0.0845,0.0421,640x480,Expert_Anna,0.1266,0.6642,Собака,0.0,False,0.6821,0.304
img_0687.jpg,Собака,0.9501,0.0145,0.0354,800x600,Expert_Bob,0.0499,0.3294,Собака,0.0,False,0.6821,0.2195
img_0688.jpg,Собака,0.3044,0.3976,0.2981,800x600,Intern_Vasya,0.6024,1.5719,Кошка,0.3976,False,0.6821,0.6922
img_0689.jpg,Кошка,0.0362,0.9206,0.0432,800x600,Expert_Bob,0.0794,0.479,Кошка,0.0,False,0.7276,0.2664
img_0690.jpg,Собака,0.0429,0.8702,0.0869,1920x1080,Intern_Vasya,0.1298,0.6757,Кошка,0.8702,False,0.6821,0.655
img_0691.jpg,Мышь,0.0708,0.0789,0.8503,640x480,Expert_Anna,0.1497,0.7585,Мышь,0.0,False,6.2654,1.4445
img_0692.jpg,Мышь,0.041,0.0903,0.8686,640x480,Expert_Anna,0.1314,0.6787,Мышь,0.0,False,6.2654,1.4244
img_0693.jpg,Собака,0.893,0.0429,0.064,640x480,Expert_Anna,0.107,0.5945,Собака,0.0,False,0.6821,0.2865
img_0694.jpg,Кошка,0.2988,0.3268,0.3744,800x600,Intern_Vasya,0.6256,1.5787,Мышь,0.3744,False,0.7276,0.6937
img_0695.jpg,Собака,0.3182,0.3549,0.3269,1920x1080,Expert_Bob,0.6451,1.5834,Кошка,0.3549,False,0.6821,0.678
img_0696.jpg,Кошка,0.3589,0.3447,0.2964,800x600,Expert_Anna,0.6411,1.5802,Собака,0.3589,False,0.7276,0.6879
img_0697.jpg,Собака,0.8451,0.0839,0.071,640x480,Expert_Bob,0.1549,0.7761,Собака,0.0,False,0.6821,0.3323
img_0698.jpg,Кошка,0.0415,0.0942,0.8643,640x480,Expert_Bob,0.1357,0.6934,Мышь,0.8643,False,0.7276,0.6662
img_0699.jpg,Кошка,0.3416,0.326,0.3323,800x600,Intern_Vasya,0.6584,1.5847,Собака,0.3416,False,0.7276,0.6821
img_0700.jpg,Кошка,0.0432,0.8778,0.079,640x480,Expert_Anna,0.1222,0.6502,Кошка,0.0,False,0.7276,0.3096
img_0701.jpg,Собака,0.8889,0.0832,0.0279,640x480,Expert_Bob,0.1111,0.5936,Собака,0.0,False,0.6821,0.2862
img_0702.jpg,Собака,0.325,0.3755,0.2995,640x480,Intern_Vasya,0.6245,1.5786,Кошка,0.3755,False,0.6821,0.685
img_0703.jpg,Кошка,0.0761,0.8848,0.0392,800x600,Expert_Bob,0.1152,0.6222,Кошка,0.0,False,0.7276,0.3025
img_0704.jpg,Собака,0.8893,0.0737,0.037,1920x1080,Intern_Vasya,0.1107,0.6038,Собака,0.0,False,0.6821,0.2888
img_0705.jpg,Кошка,0.0437,0.9295,0.0268,640x480,Intern_Vasya,0.0705,0.4353,Кошка,0.0,False,0.7276,0.2554
img_0706.jpg,Собака,0.9337,0.049,0.0173,800x600,Intern_Vasya,0.0663,0.4069,Собака,0.0,False,0.6821,0.2391
img_0707.jpg,Кошка,0.0597,0.85,0.0902,800x600,Expert_Anna,0.15,0.7551,Кошка,0.0,False,0.7276,0.3361
img_0708.jpg,Собака,0.9405,0.0461,0.0134,1920x1080,Expert_Anna,0.0595,0.3712,Собака,0.0,False,0.6821,0.2301
img_0709.jpg,Кошка,0.3276,0.3458,0.3266,800x600,Expert_Bob,0.6542,1.5845,Кошка,0.0,False,0.7276,0.5454
img_0710.jpg,Собака,0.3457,0.3627,0.2916,640x480,Expert_Bob,0.6373,1.5789,Кошка,0.3627,False,0.6821,0.68
img_0711.jpg,Собака,0.8582,0.0894,0.0524,640x480,Intern_Vasya,0.1418,0.7237,Собака,0.0,False,0.6821,0.3191
img_0712.jpg,Собака,0.8495,0.0753,0.0752,1920x1080,Intern_Vasya,0.1505,0.7616,Собака,0.0,False,0.6821,0.3286
img_0713.jpg,Собака,0.0927,0.8964,0.0109,640x480,Expert_Anna,0.1036,0.5306,Кошка,0.8964,False,0.6821,0.6289
img_0714.jpg,Кошка,0.0898,0.8733,0.0369,640x480,Expert_Anna,0.1267,0.6586,Кошка,0.0,False,0.7276,0.3117
img_0715.jpg,Кошка,0.0379,0.903,0.059,800x600,Intern_Vasya,0.097,0.5528,Кошка,0.0,False,0.7276,0.285
img_0716.jpg,Собака,0.9514,0.0104,0.0381,800x600,Intern_Vasya,0.0486,0.3165,Собака,0.0,False,0.6821,0.2163
img_0717.jpg,Собака,0.3648,0.3622,0.2729,800x600,Expert_Bob,0.6352,1.5727,Собака,0.0,False,0.6821,0.5333
img_0718.jpg,Собака,0.3374,0.336,0.3266,1920x1080,Expert_Bob,0.6626,1.5848,Собака,0.0,False,0.6821,0.5364
img_0719.jpg,Кошка,0.0568,0.9018,0.0414,640x480,Expert_Anna,0.0982,0.5597,Кошка,0.0,False,0.7276,0.2868
img_0720.jpg,Собака,0.3201,0.3327,0.3472,1920x1080,Intern_Vasya,0.6528,1.5842,Мышь,0.3472,False,0.6821,0.6751
img_0721.jpg,Собака,0.0719,0.9139,0.0142,1920x1080,Expert_Bob,0.0861,0.4789,Кошка,0.9139,False,0.6821,0.6228
img_0722.jpg,Собака,0.834,0.0745,0.0916,800x600,Intern_Vasya,0.166,0.8134,Собака,0.0,False,0.6821,0.3417
img_0723.jpg,Кошка,0.0984,0.8579,0.0437,640x480,Expert_Bob,0.1421,0.7162,Кошка,0.0,False,0.7276,0.3263
img_0724.jpg,Кошка,0.3167,0.3215,0.3618,640x480,Expert_Anna,0.6382,1.5823,Мышь,0.3618,False,0.7276,0.6896
img_0725.jpg,Собака,0.0759,0.9021,0.022,640x480,Expert_Anna,0.0979,0.5376,Кошка,0.9021,False,0.6821,0.6329
img_0726.jpg,Кошка,0.3369,0.3224,0.3407,800x600,Intern_Vasya,0.6593,1.5846,Мышь,0.3407,False,0.7276,0.6817
img_0727.jpg,Кошка,0.3053,0.3238,0.3709,800x600,Expert_Anna,0.6291,1.5801,Мышь,0.3709,False,0.7276,0.6926
img_0728.jpg,Собака,0.8678,0.0486,0.0837,800x600,Intern_Vasya,0.1322,0.6891,Собака,0.0,False,0.6821,0.3103
img_0729.jpg,Собака,0.9644,0.0244,0.0112,640x480,Expert_Anna,0.0356,0.2537,Собака,0.0,False,0.6821,0.2004
img_0730.jpg,Кошка,0.048,0.8601,0.0919,800x600,Intern_Vasya,0.1399,0.7138,Кошка,0.0,False,0.7276,0.3257
img_0731.jpg,Кошка,0.0352,0.0611,0.9037,1920x1080,Intern_Vasya,0.0963,0.5484,Мышь,0.9037,False,0.7276,0.6454
img_0732.jpg,Собака,0.8709,0.0796,0.0495,1920x1080,Expert_Bob,0.1291,0.679,Собака,0.0,False,0.6821,0.3078
img_0733.jpg,Кошка,0.3536,0.322,0.3244,800x600,Expert_Anna,0.6464,1.5836,Собака,0.3536,False,0.7276,0.6866
img_0734.jpg,Собака,0.9568,0.0287,0.0144,800x600,Intern_Vasya,0.0432,0.2961,Собака,0.0,False,0.6821,0.2111
img_0735.jpg,Кошка,0.0953,0.8204,0.0842,640x480,Expert_Bob,0.1796,0.8581,Кошка,0.0,False,0.7276,0.3621
img_0736.jpg,Собака,0.0817,0.8374,0.081,800x600,Expert_Anna,0.1626,0.8033,Кошка,0.8374,False,0.6821,0.6741
img_0737.jpg,Собака,0.8418,0.0974,0.0607,1920x1080,Expert_Bob,0.1582,0.7818,Собака,0.0,False,0.6821,0.3337
img_0738.jpg,Собака,0.9199,0.0635,0.0166,800x600,Expert_Anna,0.0801,0.4615,Собака,0.0,False,0.6821,0.2529
img_0739.jpg,Кошка,0.0853,0.8441,0.0706,800x600,Intern_Vasya,0.1559,0.7793,Кошка,0.0,False,0.7276,0.3422
img_0740.jpg,Кошка,0.0835,0.8665,0.05,800x600,Intern_Vasya,0.1335,0.6943,Кошка,0.0,False,0.7276,0.3207
img_0741.jpg,Кошка,0.0732,0.8772,0.0496,1920x1080,Intern_Vasya,0.1228,0.6569,Кошка,0.0,False,0.7276,0.3113
img_0742.jpg,Собака,0.8579,0.0699,0.0723,800x600,Expert_Anna,0.1421,0.732,Собака,0.0,False,0.6821,0.3212
img_0743.jpg,Кошка,0.3256,0.3552,0.3192,1920x1080,Expert_Bob,0.6448,1.5834,Кошка,0.0,False,0.7276,0.5451
img_0744.jpg,Кошка,0.0108,0.9483,0.0409,800x600,Expert_Bob,0.0517,0.3318,Кошка,0.0,False,0.7276,0.2293
img_0745.jpg,Кошка,0.0332,0.9343,0.0325,1920x1080,Expert_Anna,0.0657,0.4154,Кошка,0.0,False,0.7276,0.2504
img_0746.jpg,Собака,0.3586,0.3567,0.2846,640x480,Expert_Bob,0.6414,1.577,Собака,0.0,False,0.6821,0.5344
img_0747.jpg,Кошка,0.3421,0.3103,0.3476,800x600,Expert_Anna,0.6524,1.5832,Мышь,0.3476,False,0.7276,0.6841
img_0748.jpg,Кошка,0.3618,0.3154,0.3228,1920x1080,Expert_Anna,0.6382,1.5823,Собака,0.3618,False,0.7276,0.6896
img_0749.jpg,Кошка,0.048,0.8478,0.1042,640x480,Intern_Vasya,0.1522,0.7522,Кошка,0.0,False,0.7276,0.3353
img_0750.jpg,Собака,0.0736,0.884,0.0425,800x600,Expert_Bob,0.116,0.6279,Кошка,0.884,False,0.6821,0.6485
img_0751.jpg,Кошка,0.0877,0.0905,0.8218,640x480,Intern_Vasya,0.1782,0.8543,Мышь,0.8218,False,0.7276,0.6898
img_0752.jpg,Кошка,0.0801,0.8597,0.0602,800x600,Expert_Anna,0.1403,0.7233,Кошка,0.0,False,0.7276,0.3281
img_0753.jpg,Мышь,0.943,0.0306,0.0264,1920x1080,Intern_Vasya,0.057,0.3722,Собака,0.943,False,6.2654,1.7242
img_0754.jpg,Кошка,0.0224,0.9427,0.0349,640x480,Expert_Bob,0.0573,0.3719,Кошка,0.0,False,0.7276,0.2394
img_0755.jpg,Кошка,0.2961,0.3211,0.3828,640x480,Expert_Bob,0.6172,1.5765,Мышь,0.3828,False,0.7276,0.6965
img_0756.jpg,Собака,0.8483,0.0918,0.0599,800x600,Intern_Vasya,0.1517,0.7609,Собака,0.0,False,0.6821,0.3284
img_0757.jpg,Собака,0.8636,0.0572,0.0792,640x480,Expert_Anna,0.1364,0.7086,Собака,0.0,False,0.6821,0.3152
img_0758.jpg,Собака,0.2949,0.3548,0.3503,640x480,Expert_Bob,0.6452,1.58,Кошка,0.3548,False,0.6821,0.6771
img_0759.jpg,Собака,0.8743,0.0469,0.0788,640x480,Expert_Anna,0.1257,0.6653,Собака,0.0,False,0.6821,0.3043
img_0760.jpg,Кошка,0.0596,0.0309,0.9094,1920x1080,Intern_Vasya,0.0906,0.5221,Мышь,0.9094,False,0.7276,0.641
img_0761.jpg,Мышь,0.3165,0.3795,0.3039,640x480,Expert_Bob,0.6205,1.578,Кошка,0.3795,False,6.2654,1.8031
img_0762.jpg,Кошка,0.2997,0.3099,0.3904,800x600,Expert_Anna,0.6096,1.5745,Мышь,0.3904,False,0.7276,0.699
img_0763.jpg,Мышь,0.8807,0.043,0.0762,800x600,Expert_Bob,0.1193,0.6396,Собака,0.8807,False,6.2654,1.7668
img_0764.jpg,Собака,0.8589,0.0673,0.0738,640x480,Intern_Vasya,0.1411,0.728,Собака,0.0,False,0.6821,0.3201
img_0765.jpg,Собака,0.0253,0.9122,0.0625,800x600,Intern_Vasya,0.0878,0.5051,Кошка,0.9122,False,0.6821,0.6288
img_0766.jpg,Кошка,0.0475,0.9313,0.0212,640x480,Expert_Bob,0.0687,0.4223,Кошка,0.0,False,0.7276,0.2521
img_0767.jpg,Собака,0.0114,0.9236,0.065,1920x1080,Expert_Bob,0.0764,0.4358,Кошка,0.9236,False,0.6821,0.6158
img_0768.jpg,Собака,0.0983,0.8641,0.0377,800x600,Expert_Anna,0.1359,0.6894,Кошка,0.8641,False,0.6821,0.656
img_0769.jpg,Мышь,0.9198,0.0095,0.0707,640x480,Expert_Bob,0.0802,0.445,Собака,0.9198,False,6.2654,1.7333
img_0770.jpg,Собака,0.0283,0.8999,0.0719,800x600,Expert_Anna,0.1001,0.5555,Кошка,0.8999,False,0.6821,0.6366
img_0771.jpg,Кошка,0.047,0.9146,0.0384,800x600,Intern_Vasya,0.0854,0.5057,Кошка,0.0,False,0.7276,0.2731
img_0772.jpg,Кошка,0.076,0.8845,0.0395,800x600,Intern_Vasya,0.1155,0.6233,Кошка,0.0,False,0.7276,0.3028
img_0773.jpg,Собака,0.3265,0.3517,0.3218,1920x1080,Expert_Bob,0.6483,1.5839,Кошка,0.3517,False,0.6821,0.6768
img_0774.jpg,Кошка,0.3148,0.3441,0.3412,1920x1080,Expert_Anna,0.6559,1.5838,Кошка,0.0,False,0.7276,0.5452
img_0775.jpg,Собака,0.8623,0.0612,0.0765,1920x1080,Intern_Vasya,0.1377,0.7147,Собака,0.0,False,0.6821,0.3168
img_0776.jpg,Кошка,0.0816,0.8212,0.0973,640x480,Expert_Bob,0.1788,0.8555,Кошка,0.0,False,0.7276,0.3614
img_0777.jpg,Кошка,0.0328,0.062,0.9052,800x600,Intern_Vasya,0.0948,0.5405,Мышь,0.9052,False,0.7276,0.644
img_0778.jpg,Собака,0.9224,0.0198,0.0579,800x600,Expert_Anna,0.0776,0.4575,Собака,0.0,False,0.6821,0.2519
img_0779.jpg,Кошка,0.0408,0.8795,0.0797,800x600,Expert_Bob,0.1205,0.6421,Кошка,0.0,False,0.7276,0.3076
img_0780.jpg,Кошка,0.0676,0.8479,0.0845,1920x1080,Intern_Vasya,0.1521,0.7658,Кошка,0.0,False,0.7276,0.3388
img_0781.jpg,Мышь,0.0677,0.0784,0.8539,640x480,Intern_Vasya,0.1461,0.7455,Мышь,0.0,False,6.2654,1.4412
img_0782.jpg,Собака,0.3195,0.3461,0.3344,800x600,Expert_Bob,0.6539,1.5842,Кошка,0.3461,False,0.6821,0.6747
img_0783.jpg,Кошка,0.3424,0.3404,0.3172,1920x1080,Expert_Bob,0.6576,1.5841,Собака,0.3424,False,0.7276,0.6823
img_0784.jpg,Кошка,0.0708,0.8397,0.0894,1920x1080,Expert_Anna,0.1603,0.7935,Кошка,0.0,False,0.7276,0.3458
img_0785.jpg,Кошка,0.0416,0.8826,0.0759,1920x1080,Intern_Vasya,0.1174,0.6322,Кошка,0.0,False,0.7276,0.3051
img_0786.jpg,Кошка,0.0478,0.8604,0.0917,800x600,Expert_Bob,0.1396,0.7124,Кошка,0.0,False,0.7276,0.3253
img_0787.jpg,Кошка,0.0758,0.8731,0.0511,640x480,Expert_Anna,0.1269,0.6723,Кошка,0.0,False,0.7276,0.3152
img_0788.jpg,Собака,0.3316,0.3517,0.3166,640x480,Intern_Vasya,0.6483,1.5836,Кошка,0.3517,False,0.6821,0.6767
img_0789.jpg,Собака,0.0891,0.86,0.0509,1920x1080,Intern_Vasya,0.14,0.7166,Кошка,0.86,False,0.6821,0.6613
img_0790.jpg,Кошка,0.0815,0.8421,0.0763,640x480,Intern_Vasya,0.1579,0.7868,Кошка,0.0,False,0.7276,0.3441
img_0791.jpg,Собака,0.8832,0.0233,0.0935,640x480,Expert_Anna,0.1168,0.6043,Собака,0.0,False,0.6821,0.2889
img_0792.jpg,Кошка,0.3119,0.3199,0.3682,1920x1080,Expert_Bob,0.6318,1.581,Мышь,0.3682,False,0.7276,0.6918
img_0793.jpg,Собака,0.8894,0.0791,0.0315,640x480,Intern_Vasya,0.1106,0.5971,Собака,0.0,False,0.6821,0.2871
img_0794.jpg,Собака,0.0643,0.8398,0.0958,1920x1080,Expert_Bob,0.1602,0.7903,Кошка,0.8398,False,0.6821,0.6718
img_0795.jpg,Кошка,0.0718,0.8679,0.0603,640x480,Expert_Bob,0.1321,0.6945,Кошка,0.0,False,0.7276,0.3208
img_0796.jpg,Собака,0.3176,0.3326,0.3498,800x600,Expert_Anna,0.6502,1.5838,Мышь,0.3498,False,0.6821,0.676
img_0797.jpg,Собака,0.8692,0.0812,0.0496,800x600,Expert_Anna,0.1308,0.6849,Собака,0.0,False,0.6821,0.3093
img_0798.jpg,Собака,0.9166,0.0352,0.0482,800x600,Intern_Vasya,0.0834,0.496,Собака,0.0,False,0.6821,0.2616
img_0799.jpg,Собака,0.3382,0.3192,0.3426,800x600,Expert_Bob,0.6574,1.5843,Мышь,0.3426,False,0.6821,0.6733
img_0800.jpg,Кошка,0.0875,0.8476,0.0649,640x480,Intern_Vasya,0.1524,0.7658,Кошка,0.0,False,0.7276,0.3388
img_0801.jpg,Кошка,0.0302,0.8859,0.0839,800x600,Expert_Anna,0.1141,0.6073,Кошка,0.0,False,0.7276,0.2988
img_0802.jpg,Кошка,0.0327,0.9216,0.0457,1920x1080,Intern_Vasya,0.0784,0.4734,Кошка,0.0,False,0.7276,0.265
img_0803.jpg,Собака,0.9224,0.0531,0.0245,640x480,Intern_Vasya,0.0776,0.4635,Собака,0.0,False,0.6821,0.2534
img_0804.jpg,Кошка,0.0196,0.9062,0.0742,800x600,Intern_Vasya,0.0938,0.5184,Кошка,0.0,False,0.7276,0.2763
img_0805.jpg,Мышь,0.0511,0.0438,0.905,1920x1080,Expert_Anna,0.095,0.5472,Мышь,0.0,False,6.2654,1.3912
img_0806.jpg,Кошка,0.031,0.9317,0.0372,640x480,Intern_Vasya,0.0683,0.4271,Кошка,0.0,False,0.7276,0.2533
img_0807.jpg,Собака,0.3222,0.3606,0.3172,640x480,Intern_Vasya,0.6394,1.5826,Кошка,0.3606,False,0.6821,0.6801
img_0808.jpg,Собака,0.884,0.0173,0.0987,1920x1080,Intern_Vasya,0.116,0.5882,Собака,0.0,False,0.6821,0.2849
img_0809.jpg,Собака,0.8765,0.0607,0.0628,800x600,Intern_Vasya,0.1235,0.6628,Собака,0.0,False,0.6821,0.3037
img_0810.jpg,Кошка,0.0381,0.0127,0.9491,800x600,Expert_Anna,0.0509,0.3311,Мышь,0.9491,False,0.7276,0.6087
img_0811.jpg,Собака,0.3313,0.3437,0.325,800x600,Intern_Vasya,0.6563,1.5846,Кошка,0.3437,False,0.6821,0.6738
img_0812.jpg,Кошка,0.3215,0.3275,0.3509,1920x1080,Expert_Bob,0.6491,1.5839,Мышь,0.3509,False,0.7276,0.6856
img_0813.jpg,Кошка,0.0939,0.8853,0.0208,1920x1080,Expert_Bob,0.1147,0.5923,Кошка,0.0,False,0.7276,0.295
img_0814.jpg,Кошка,0.0929,0.8197,0.0875,1920x1080,Expert_Bob,0.1803,0.8611,Кошка,0.0,False,0.7276,0.3628
img_0815.jpg,Собака,0.8588,0.0715,0.0697,800x600,Intern_Vasya,0.1412,0.7286,Собака,0.0,False,0.6821,0.3203
img_0816.jpg,Собака,0.9029,0.0637,0.0334,1920x1080,Intern_Vasya,0.0971,0.5499,Собака,0.0,False,0.6821,0.2752
img_0817.jpg,Кошка,0.0945,0.8214,0.0841,640x480,Intern_Vasya,0.1786,0.8552,Кошка,0.0,False,0.7276,0.3613
img_0818.jpg,Собака,0.0791,0.8994,0.0215,1920x1080,Expert_Anna,0.1006,0.5462,Кошка,0.8994,False,0.6821,0.634
img_0819.jpg,Собака,0.9105,0.0171,0.0723,1920x1080,Expert_Anna,0.0895,0.4975,Собака,0.0,False,0.6821,0.262
img_0820.jpg,Кошка,0.0481,0.0326,0.9193,640x480,Intern_Vasya,0.0807,0.4832,Мышь,0.9193,False,0.7276,0.6352
img_0821.jpg,Кошка,0.0108,0.9238,0.0654,800x600,Expert_Anna,0.0762,0.4335,Кошка,0.0,False,0.7276,0.2549
img_0822.jpg,Собака,0.3186,0.3785,0.3028,800x600,Expert_Anna,0.6215,1.5782,Кошка,0.3785,False,0.6821,0.6861
img_0823.jpg,Кошка,0.0308,0.8849,0.0843,640x480,Expert_Anna,0.1151,0.6116,Кошка,0.0,False,0.7276,0.2999
img_0824.jpg,Собака,0.0354,0.927,0.0376,1920x1080,Expert_Bob,0.073,0.45,Кошка,0.927,False,0.6821,0.6208
img_0825.jpg,Собака,0.8779,0.0492,0.0728,800x600,Expert_Bob,0.1221,0.6539,Собака,0.0,False,0.6821,0.3014
img_0826.jpg,Собака,0.8947,0.0161,0.0892,1920x1080,Expert_Bob,0.1053,0.5505,Собака,0.0,False,0.6821,0.2753
img_0827.jpg,Собака,0.8354,0.0777,0.0869,800x600,Intern_Vasya,0.1646,0.8094,Собака,0.0,False,0.6821,0.3407
img_0828.jpg,Кошка,0.0268,0.8996,0.0735,640x480,Expert_Bob,0.1004,0.5541,Кошка,0.0,False,0.7276,0.2854
img_0829.jpg,Мышь,0.3511,0.3138,0.3352,640x480,Intern_Vasya,0.6489,1.5835,Собака,0.3511,False,6.2654,1.7931
img_0830.jpg,Кошка,0.0926,0.849,0.0583,1920x1080,Expert_Bob,0.151,0.7574,Кошка,0.0,False,0.7276,0.3367
img_0831.jpg,Собака,0.8554,0.0816,0.063,640x480,Intern_Vasya,0.1446,0.739,Собака,0.0,False,0.6821,0.3229
img_0832.jpg,Кошка,0.0484,0.0634,0.8882,1920x1080,Intern_Vasya,0.1118,0.6157,Мышь,0.8882,False,0.7276,0.6562
img_0833.jpg,Собака,0.3221,0.3336,0.3443,800x600,Expert_Anna,0.6557,1.5844,Мышь,0.3443,False,0.6821,0.674
img_0834.jpg,Собака,0.0912,0.8274,0.0815,800x600,Expert_Bob,0.1726,0.836,Кошка,0.8274,False,0.6821,0.6784
img_0835.jpg,Мышь,0.9481,0.0127,0.0393,1920x1080,Intern_Vasya,0.0519,0.3364,Собака,0.9481,False,6.2654,1.7172
img_0836.jpg,Собака,0.8474,0.056,0.0966,1920x1080,Intern_Vasya,0.1526,0.761,Собака,0.0,False,0.6821,0.3285
img_0837.jpg,Собака,0.079,0.8518,0.0692,800x600,Intern_Vasya,0.1482,0.753,Кошка,0.8518,False,0.6821,0.6672
img_0838.jpg,Собака,0.9534,0.0279,0.0187,1920x1080,Intern_Vasya,0.0466,0.3171,Собака,0.0,False,0.6821,0.2164
img_0839.jpg,Кошка,0.0644,0.8587,0.0769,640x480,Expert_Anna,0.1413,0.7281,Кошка,0.0,False,0.7276,0.3293
img_0840.jpg,Собака,0.022,0.9361,0.0418,1920x1080,Expert_Bob,0.0639,0.4018,Кошка,0.9361,False,0.6821,0.6123
img_0841.jpg,Собака,0.8963,0.0602,0.0435,800x600,Intern_Vasya,0.1037,0.5824,Собака,0.0,False,0.6821,0.2834
img_0842.jpg,Кошка,0.0772,0.8884,0.0344,800x600,Expert_Bob,0.1116,0.6042,Кошка,0.0,False,0.7276,0.298
img_0843.jpg,Собака,0.0926,0.8668,0.0405,1920x1080,Intern_Vasya,0.1332,0.684,Кошка,0.8668,False,0.6821,0.6558
img_0844.jpg,Собака,0.89,0.0904,0.0196,800x600,Expert_Bob,0.11,0.5743,Собака,0.0,False,0.6821,0.2814
img_0845.jpg,Собака,0.9209,0.0529,0.0262,800x600,Expert_Anna,0.0791,0.4715,Собака,0.0,False,0.6821,0.2554
img_0846.jpg,Собака,0.8451,0.0766,0.0783,1920x1080,Expert_Anna,0.1549,0.7769,Собака,0.0,False,0.6821,0.3325
img_0847.jpg,Собака,0.3336,0.3615,0.3049,640x480,Intern_Vasya,0.6385,1.5815,Кошка,0.3615,False,0.6821,0.6801
img_0848.jpg,Кошка,0.0716,0.855,0.0734,800x600,Expert_Anna,0.145,0.7422,Кошка,0.0,False,0.7276,0.3328
img_0849.jpg,Собака,0.9639,0.0256,0.0105,800x600,Expert_Bob,0.0361,0.2555,Собака,0.0,False,0.6821,0.2009
img_0850.jpg,Кошка,0.3565,0.3446,0.2989,800x600,Expert_Anna,0.6435,1.5809,Собака,0.3565,False,0.7276,0.6871
img_0851.jpg,Собака,0.9636,0.0117,0.0248,800x600,Intern_Vasya,0.0364,0.2589,Собака,0.0,False,0.6821,0.2018
img_0852.jpg,Кошка,0.0355,0.9427,0.0218,800x600,Expert_Anna,0.0573,0.3715,Кошка,0.0,False,0.7276,0.2393
img_0853.jpg,Кошка,0.063,0.9013,0.0357,1920x1080,Expert_Anna,0.0987,0.558,Кошка,0.0,False,0.7276,0.2863
img_0854.jpg,Кошка,0.0427,0.0294,0.928,1920x1080,Expert_Anna,0.072,0.4439,Мышь,0.928,False,0.7276,0.6287
img_0855.jpg,Кошка,0.0658,0.8865,0.0477,640x480,Intern_Vasya,0.1135,0.6218,Кошка,0.0,False,0.7276,0.3024
img_0856.jpg,Собака,0.8509,0.0743,0.0748,1920x1080,Expert_Anna,0.1491,0.7567,Собака,0.0,False,0.6821,0.3274
img_0857.jpg,Мышь,0.0538,0.0461,0.9001,640x480,Expert_Bob,0.0999,0.5681,Мышь,0.0,False,6.2654,1.3964
img_0858.jpg,Кошка,0.0613,0.8704,0.0683,800x600,Expert_Anna,0.1296,0.6857,Кошка,0.0,False,0.7276,0.3186
img_0859.jpg,Собака,0.8982,0.0245,0.0774,1920x1080,Intern_Vasya,0.1018,0.5559,Собака,0.0,False,0.6821,0.2767
img_0860.jpg,Собака,0.3194,0.3799,0.3007,800x600,Expert_Anna,0.6201,1.5777,Кошка,0.3799,False,0.6821,0.6865
img_0861.jpg,Собака,0.9412,0.0473,0.0115,800x600,Expert_Anna,0.0588,0.3646,Собака,0.0,False,0.6821,0.2284
img_0862.jpg,Кошка,0.0163,0.923,0.0607,800x600,Expert_Anna,0.077,0.4489,Кошка,0.0,False,0.7276,0.2588
img_0863.jpg,Собака,0.3691,0.3336,0.2973,1920x1080,Intern_Vasya,0.6309,1.5794,Собака,0.0,False,0.6821,0.535
img_0864.jpg,Собака,0.8695,0.0529,0.0775,640x480,Expert_Bob,0.1305,0.6857,Собака,0.0,False,0.6821,0.3095
img_0865.jpg,Собака,0.9103,0.0514,0.0383,1920x1080,Expert_Bob,0.0897,0.5238,Собака,0.0,False,0.6821,0.2686
img_0866.jpg,Собака,0.0458,0.8755,0.0787,640x480,Expert_Anna,0.1245,0.6603,Кошка,0.8755,False,0.6821,0.6533
img_0867.jpg,Кошка,0.0509,0.0165,0.9327,1920x1080,Expert_Bob,0.0673,0.4101,Мышь,0.9327,False,0.7276,0.6221
img_0868.jpg,Кошка,0.0849,0.9002,0.0149,640x480,Expert_Bob,0.0998,0.529,Кошка,0.0,False,0.7276,0.279
img_0869.jpg,Собака,0.8391,0.0607,0.1003,800x600,Expert_Bob,0.1609,0.7905,Собака,0.0,False,0.6821,0.3359
img_0870.jpg,Собака,0.9403,0.0165,0.0432,640x480,Expert_Anna,0.0597,0.377,Собака,0.0,False,0.6821,0.2316
img_0871.jpg,Собака,0.0505,0.8873,0.0622,800x600,Expert_Anna,0.1127,0.6198,Кошка,0.8873,False,0.6821,0.6478
img_0872.jpg,Кошка,0.0336,0.9173,0.0491,800x600,Intern_Vasya,0.0827,0.4922,Кошка,0.0,False,0.7276,0.2697
img_0873.jpg,Мышь,0.8794,0.0492,0.0714,1920x1080,Expert_Anna,0.1206,0.6487,Собака,0.8794,False,6.2654,1.7685
img_0874.jpg,Кошка,0.0717,0.8995,0.0288,640x480,Expert_Anna,0.1005,0.5574,Кошка,0.0,False,0.7276,0.2862
img_0875.jpg,Кошка,0.053,0.0104,0.9367,640x480,Expert_Bob,0.0633,0.3815,Мышь,0.9367,False,0.7276,0.6165
img_0876.jpg,Собака,0.0566,0.8681,0.0753,1920x1080,Expert_Anna,0.1319,0.6926,Кошка,0.8681,False,0.6821,0.6584
img_0877.jpg,Собака,0.8489,0.0734,0.0777,640x480,Intern_Vasya,0.1511,0.7636,Собака,0.0,False,0.6821,0.3291
img_0878.jpg,Собака,0.8735,0.0654,0.0611,640x480,Intern_Vasya,0.1265,0.6742,Собака,0.0,False,0.6821,0.3066
img_0879.jpg,Собака,0.889,0.026,0.085,1920x1080,Intern_Vasya,0.111,0.5901,Собака,0.0,False,0.6821,0.2853
img_0880.jpg,Кошка,0.0838,0.0715,0.8446,800x600,Intern_Vasya,0.1554,0.7777,Мышь,0.8446,False,0.7276,0.6796
img_0881.jpg,Собака,0.8654,0.0648,0.0698,1920x1080,Expert_Anna,0.1346,0.7044,Собака,0.0,False,0.6821,0.3142
img_0882.jpg,Собака,0.8851,0.0786,0.0363,640x480,Expert_Bob,0.1149,0.6179,Собака,0.0,False,0.6821,0.2924
img_0883.jpg,Собака,0.0403,0.9287,0.0309,1920x1080,Expert_Anna,0.0713,0.4408,Кошка,0.9287,False,0.6821,0.6191
img_0884.jpg,Собака,0.908,0.062,0.03,800x600,Expert_Anna,0.092,0.5269,Собака,0.0,False,0.6821,0.2694
img_0885.jpg,Собака,0.8781,0.0422,0.0797,1920x1080,Expert_Anna,0.1219,0.6482,Собака,0.0,False,0.6821,0.3
img_0886.jpg,Кошка,0.0845,0.0357,0.8798,1920x1080,Expert_Bob,0.1202,0.6354,Мышь,0.8798,False,0.7276,0.6578
img_0887.jpg,Кошка,0.3595,0.34,0.3004,640x480,Expert_Anna,0.6405,1.581,Собака,0.3595,False,0.7276,0.6883
img_0888.jpg,Собака,0.8941,0.0289,0.077,1920x1080,Intern_Vasya,0.1059,0.577,Собака,0.0,False,0.6821,0.282
img_0889.jpg,Кошка,0.3388,0.3158,0.3454,800x600,Intern_Vasya,0.6546,1.5839,Мышь,0.3454,False,0.7276,0.6834
img_0890.jpg,Собака,0.3331,0.3389,0.3281,640x480,Intern_Vasya,0.6611,1.5849,Кошка,0.3389,False,0.6821,0.672
img_0891.jpg,Кошка,0.3153,0.3154,0.3693,800x600,Expert_Anna,0.6307,1.5808,Мышь,0.3693,False,0.7276,0.6922
img_0892.jpg,Кошка,0.0458,0.052,0.9022,800x600,Expert_Bob,0.0978,0.5595,Мышь,0.9022,False,0.7276,0.6476
img_0893.jpg,Кошка,0.0137,0.9527,0.0336,1920x1080,Intern_Vasya,0.0473,0.3159,Кошка,0.0,False,0.7276,0.2252
img_0894.jpg,Собака,0.2979,0.3743,0.3277,640x480,Expert_Bob,0.6257,1.5786,Кошка,0.3743,False,0.6821,0.6845
img_0895.jpg,Кошка,0.3485,0.357,0.2945,640x480,Expert_Anna,0.643,1.5799,Кошка,0.0,False,0.7276,0.5442
img_0896.jpg,Собака,0.8393,0.0871,0.0736,640x480,Expert_Anna,0.1607,0.7959,Собака,0.0,False,0.6821,0.3373
img_0897.jpg,Кошка,0.0374,0.9441,0.0185,800x600,Expert_Anna,0.0559,0.3621,Кошка,0.0,False,0.7276,0.2369
img_0898.jpg,Собака,0.8909,0.0368,0.0723,800x600,Expert_Bob,0.1091,0.5978,Собака,0.0,False,0.6821,0.2873
img_0899.jpg,Собака,0.0941,0.8716,0.0342,1920x1080,Intern_Vasya,0.1284,0.6602,Кошка,0.8716,False,0.6821,0.6517
img_0900.jpg,Кошка,0.3543,0.3343,0.3114,800x600,Expert_Bob,0.6457,1.583,Собака,0.3543,False,0.7276,0.6867
img_0901.jpg,Собака,0.8586,0.0805,0.0609,640x480,Expert_Anna,0.1414,0.7273,Собака,0.0,False,0.6821,0.32
img_0902.jpg,Собака,0.3675,0.3332,0.2994,640x480,Expert_Anna,0.6325,1.58,Собака,0.0,False,0.6821,0.5352
img_0903.jpg,Собака,0.848,0.0695,0.0826,800x600,Expert_Anna,0.152,0.7662,Собака,0.0,True,0.6821,0.0
img_0904.jpg,Кошка,0.0802,0.8628,0.057,800x600,Expert_Bob,0.1372,0.7112,Кошка,0.0,False,0.7276,0.325
img_0905.jpg,Кошка,0.0771,0.8682,0.0547,800x600,Intern_Vasya,0.1318,0.6914,Кошка,0.0,False,0.7276,0.32
img_0906.jpg,Кошка,0.3418,0.3212,0.337,1920x1080,Expert_Bob,0.6582,1.5845,Собака,0.3418,False,0.7276,0.6821
img_0907.jpg,Собака,0.0415,0.8998,0.0587,800x600,Expert_Anna,0.1002,0.5677,Кошка,0.8998,False,0.6821,0.6396
img_0908.jpg,Собака,0.0944,0.8476,0.058,1920x1080,Expert_Bob,0.1524,0.7619,Кошка,0.8476,False,0.6821,0.6677
img_0909.jpg,Собака,0.8511,0.0878,0.0611,640x480,Expert_Anna,0.1489,0.7525,Собака,0.0,False,0.6821,0.3263
img_0910.jpg,Кошка,0.0726,0.0619,0.8655,1920x1080,Expert_Bob,0.1345,0.7035,Мышь,0.8655,False,0.7276,0.6693
img_0911.jpg,Кошка,0.3398,0.3499,0.3103,800x600,Intern_Vasya,0.6501,1.5831,Кошка,0.0,False,0.7276,0.545
img_0912.jpg,Собака,0.0876,0.8614,0.0509,1920x1080,Intern_Vasya,0.1386,0.7118,Кошка,0.8614,False,0.6821,0.6606
img_0913.jpg,Кошка,0.0776,0.8853,0.0371,1920x1080,Expert_Bob,0.1147,0.6181,Кошка,0.0,False,0.7276,0.3015
img_0914.jpg,Собака,0.912,0.0624,0.0255,640x480,Intern_Vasya,0.088,0.5059,Собака,0.0,False,0.6821,0.2641
img_0915.jpg,Кошка,0.3112,0.3411,0.3477,800x600,Intern_Vasya,0.6523,1.5833,Мышь,0.3477,False,0.7276,0.6842
img_0916.jpg,Собака,0.9089,0.0116,0.0795,1920x1080,Expert_Bob,0.0911,0.4902,Собака,0.0,False,0.6821,0.2601
img_0917.jpg,Кошка,0.064,0.0749,0.8612,1920x1080,Expert_Anna,0.1388,0.7195,Мышь,0.8612,False,0.7276,0.6716
img_0918.jpg,Собака,0.8923,0.0581,0.0497,800x600,Intern_Vasya,0.1077,0.6004,Собака,0.0,False,0.6821,0.2879
img_0919.jpg,Кошка,0.0578,0.855,0.0872,1920x1080,Expert_Anna,0.145,0.7379,Кошка,0.0,False,0.7276,0.3317
img_0920.jpg,Собака,0.3572,0.3426,0.3002,1920x1080,Expert_Bob,0.6428,1.5811,Собака,0.0,False,0.6821,0.5354
img_0921.jpg,Кошка,0.0136,0.9678,0.0186,800x600,Expert_Bob,0.0322,0.2369,Кошка,0.0,False,0.7276,0.2053
img_0922.jpg,Собака,0.337,0.3463,0.3167,1920x1080,Intern_Vasya,0.6537,1.584,Кошка,0.3463,False,0.6821,0.6747
img_0923.jpg,Кошка,0.0303,0.8758,0.0939,800x600,Expert_Bob,0.1242,0.6409,Кошка,0.0,False,0.7276,0.3073
img_0924.jpg,Собака,0.8934,0.0323,0.0743,800x600,Expert_Bob,0.1066,0.5839,Собака,0.0,False,0.6821,0.2838
img_0925.jpg,Собака,0.0119,0.926,0.0621,640x480,Expert_Anna,0.074,0.4278,Кошка,0.926,False,0.6821,0.6148
img_0926.jpg,Собака,0.3306,0.3795,0.2899,1920x1080,Expert_Anna,0.6205,1.5763,Кошка,0.3795,False,0.6821,0.686
img_0927.jpg,Кошка,0.0397,0.0159,0.9444,800x600,Intern_Vasya,0.0556,0.3577,Мышь,0.9444,False,0.7276,0.6136
img_0928.jpg,Собака,0.8863,0.0958,0.0179,800x600,Intern_Vasya,0.1137,0.5824,Собака,0.0,False,0.6821,0.2834
img_0929.jpg,Собака,0.9372,0.0305,0.0323,800x600,Intern_Vasya,0.0628,0.4012,Собака,0.0,False,0.6821,0.2377
img_0930.jpg,Кошка,0.0385,0.9332,0.0283,1920x1080,Expert_Bob,0.0668,0.4195,Кошка,0.0,False,0.7276,0.2514
img_0931.jpg,Кошка,0.3369,0.3267,0.3364,640x480,Intern_Vasya,0.6631,1.5848,Собака,0.3369,False,0.7276,0.6802
img_0932.jpg,Кошка,0.0524,0.037,0.9106,640x480,Intern_Vasya,0.0894,0.5219,Мышь,0.9106,False,0.7276,0.6415
img_0933.jpg,Собака,0.0407,0.9354,0.0239,800x600,Expert_Anna,0.0646,0.4069,Кошка,0.9354,False,0.6821,0.6133
img_0934.jpg,Кошка,0.0468,0.9358,0.0174,1920x1080,Expert_Anna,0.0642,0.398,Кошка,0.0,False,0.7276,0.246
img_0935.jpg,Собака,0.9377,0.0226,0.0397,640x480,Expert_Bob,0.0623,0.3954,Собака,0.0,False,0.6821,0.2362
img_0936.jpg,Собака,0.0256,0.9171,0.0573,1920x1080,Intern_Vasya,0.0829,0.4862,Кошка,0.9171,False,0.6821,0.626
img_0937.jpg,Собака,0.0611,0.9164,0.0225,1920x1080,Expert_Anna,0.0836,0.485,Кошка,0.9164,False,0.6821,0.6254
img_0938.jpg,Собака,0.9053,0.0244,0.0703,800x600,Expert_Bob,0.0947,0.5299,Собака,0.0,False,0.6821,0.2701
img_0939.jpg,Кошка,0.058,0.0187,0.9233,1920x1080,Intern_Vasya,0.0767,0.4519,Мышь,0.9233,False,0.7276,0.6289
img_0940.jpg,Кошка,0.0825,0.8707,0.0468,800x600,Expert_Anna,0.1293,0.6776,Кошка,0.0,False,0.7276,0.3165
img_0941.jpg,Собака,0.878,0.0571,0.0649,640x480,Intern_Vasya,0.122,0.6567,Собака,0.0,False,0.6821,0.3021
img_0942.jpg,Кошка,0.0807,0.0352,0.8841,1920x1080,Intern_Vasya,0.1159,0.6201,Мышь,0.8841,False,0.7276,0.6557
img_0943.jpg,Кошка,0.3525,0.3525,0.295,640x480,Expert_Bob,0.6475,1.5801,Собака,0.3525,False,0.7276,0.6853
img_0944.jpg,Кошка,0.0276,0.8955,0.0769,640x480,Expert_Bob,0.1045,0.5701,Кошка,0.0,False,0.7276,0.2894
img_0945.jpg,Кошка,0.0505,0.9094,0.0401,1920x1080,Expert_Bob,0.0906,0.5282,Кошка,0.0,False,0.7276,0.2788
img_0946.jpg,Собака,0.331,0.3332,0.3358,640x480,Intern_Vasya,0.6642,1.5849,Мышь,0.3358,False,0.6821,0.6707
img_0947.jpg,Собака,0.9524,0.0207,0.0269,800x600,Intern_Vasya,0.0476,0.3231,Собака,0.0,False,0.6821,0.218
img_0948.jpg,Собака,0.3029,0.353,0.344,800x600,Expert_Bob,0.647,1.5818,Кошка,0.353,False,0.6821,0.6768
img_0949.jpg,Собака,0.0546,0.9144,0.031,800x600,Expert_Bob,0.0856,0.5025,Кошка,0.9144,False,0.6821,0.629
img_0950.jpg,Собака,0.9078,0.0695,0.0227,640x480,Intern_Vasya,0.0922,0.518,Собака,0.0,False,0.6821,0.2671
img_0951.jpg,Собака,0.0299,0.9368,0.0333,1920x1080,Expert_Bob,0.0632,0.4031,Кошка,0.9368,False,0.6821,0.6129
img_0952.jpg,Мышь,0.0763,0.0323,0.8913,800x600,Expert_Bob,0.1087,0.5912,Мышь,0.0,False,6.2654,1.4023
img_0953.jpg,Кошка,0.3516,0.3173,0.3311,1920x1080,Expert_Anna,0.6484,1.5837,Собака,0.3516,False,0.7276,0.6858
img_0954.jpg,Собака,0.0814,0.9009,0.0177,800x600,Intern_Vasya,0.0991,0.5332,Кошка,0.9009,False,0.6821,0.6313
img_0955.jpg,Собака,0.8963,0.0789,0.0249,800x600,Expert_Anna,0.1037,0.5633,Собака,0.0,False,0.6821,0.2786
img_0956.jpg,Кошка,0.0309,0.8773,0.0918,800x600,Intern_Vasya,0.1227,0.637,Кошка,0.0,False,0.7276,0.3063
img_0957.jpg,Кошка,0.0314,0.8862,0.0824,640x480,Intern_Vasya,0.1138,0.608,Кошка,0.0,False,0.7276,0.299
img_0958.jpg,Собака,0.8976,0.0784,0.024,1920x1080,Expert_Anna,0.1024,0.557,Собака,0.0,False,0.6821,0.277
img_0959.jpg,Собака,0.9311,0.0176,0.0513,800x600,Intern_Vasya,0.0689,0.4183,Собака,0.0,False,0.6821,0.242
img_0960.jpg,Собака,0.9287,0.0398,0.0315,800x600,Intern_Vasya,0.0713,0.4414,Собака,0.0,False,0.6821,0.2478
img_0961.jpg,Собака,0.0843,0.8679,0.0478,640x480,Expert_Anna,0.1321,0.6879,Кошка,0.8679,False,0.6821,0.6572
img_0962.jpg,Собака,0.8991,0.053,0.0479,800x600,Expert_Anna,0.1009,0.5726,Собака,0.0,False,0.6821,0.2809
img_0963.jpg,Мышь,0.088,0.0697,0.8423,640x480,Expert_Bob,0.1577,0.7849,Мышь,0.0,False,6.2654,1.4512
img_0964.jpg,Собака,0.0276,0.9415,0.0309,800x600,Intern_Vasya,0.0585,0.3798,Кошка,0.9415,False,0.6821,0.6089
img_0965.jpg,Кошка,0.0536,0.8584,0.088,1920x1080,Expert_Bob,0.1416,0.7239,Кошка,0.0,False,0.7276,0.3282
img_0966.jpg,Собака,0.0566,0.9298,0.0135,1920x1080,Expert_Anna,0.0702,0.416,Кошка,0.9298,False,0.6821,0.6133
img_0967.jpg,Кошка,0.3258,0.3762,0.2979,800x600,Intern_Vasya,0.6238,1.5782,Кошка,0.0,False,0.7276,0.5438
img_0968.jpg,Собака,0.9082,0.0566,0.0352,640x480,Expert_Anna,0.0918,0.5306,Собака,0.0,False,0.6821,0.2703
img_0969.jpg,Собака,0.9096,0.0214,0.069,1920x1080,Intern_Vasya,0.0904,0.5092,Собака,0.0,False,0.6821,0.2649
img_0970.jpg,Кошка,0.0261,0.8903,0.0836,640x480,Expert_Bob,0.1097,0.5858,Кошка,0.0,False,0.7276,0.2934
img_0971.jpg,Кошка,0.3499,0.2981,0.352,800x600,Expert_Bob,0.648,1.5809,Мышь,0.352,False,0.7276,0.6853
img_0972.jpg,Кошка,0.029,0.0658,0.9052,800x600,Expert_Bob,0.0948,0.5365,Мышь,0.9052,False,0.7276,0.643
img_0973.jpg,Собака,0.9719,0.0162,0.0119,640x480,Intern_Vasya,0.0281,0.2124,Собака,0.0,False,0.6821,0.19
img_0974.jpg,Собака,0.8865,0.0817,0.0318,640x480,Intern_Vasya,0.1135,0.6075,Собака,0.0,False,0.6821,0.2897
img_0975.jpg,Мышь,0.8543,0.0844,0.0613,640x480,Intern_Vasya,0.1457,0.742,Собака,0.8543,False,6.2654,1.7821
img_0976.jpg,Кошка,0.0351,0.8913,0.0736,640x480,Expert_Anna,0.1087,0.5946,Кошка,0.0,False,0.7276,0.2956
img_0977.jpg,Собака,0.8357,0.0846,0.0797,800x600,Intern_Vasya,0.1643,0.8087,Собака,0.0,False,0.6821,0.3405
img_0978.jpg,Собака,0.8586,0.0378,0.1035,640x480,Intern_Vasya,0.1414,0.7061,Собака,0.0,False,0.6821,0.3146
img_0979.jpg,Мышь,0.3334,0.342,0.3246,1920x1080,Expert_Anna,0.658,1.5846,Кошка,0.342,False,6.2654,1.7898
img_0980.jpg,Кошка,0.1038,0.8537,0.0425,1920x1080,Intern_Vasya,0.1463,0.7277,Кошка,0.0,False,0.7276,0.3292
img_0981.jpg,Собака,0.928,0.0324,0.0396,1920x1080,Intern_Vasya,0.072,0.4448,Собака,0.0,False,0.6821,0.2487
img_0982.jpg,Собака,0.9329,0.0255,0.0416,800x600,Expert_Bob,0.0671,0.4193,Собака,0.0,False,0.6821,0.2422
img_0983.jpg,Кошка,0.0163,0.9578,0.0259,640x480,Expert_Anna,0.0422,0.2929,Кошка,0.0,False,0.7276,0.2194
img_0984.jpg,Кошка,0.0232,0.0956,0.8812,1920x1080,Expert_Bob,0.1188,0.6105,Мышь,0.8812,False,0.7276,0.6521
img_0985.jpg,Кошка,0.0308,0.9026,0.0666,640x480,Intern_Vasya,0.0974,0.5484,Кошка,0.0,False,0.7276,0.2839
img_0986.jpg,Кошка,0.0711,0.0566,0.8723,640x480,Expert_Bob,0.1277,0.6776,Мышь,0.8723,False,0.7276,0.6654
img_0987.jpg,Кошка,0.0837,0.0161,0.9002,640x480,Intern_Vasya,0.0998,0.532,Мышь,0.9002,False,0.7276,0.6399
img_0988.jpg,Собака,0.9122,0.0443,0.0435,1920x1080,Intern_Vasya,0.0878,0.5169,Собака,0.0,False,0.6821,0.2669
img_0989.jpg,Собака,0.0855,0.8785,0.0361,1920x1080,Intern_Vasya,0.1215,0.6405,Кошка,0.8785,False,0.6821,0.6495
img_0990.jpg,Кошка,0.3358,0.3379,0.3263,1920x1080,Expert_Bob,0.6621,1.5848,Кошка,0.0,False,0.7276,0.5455
img_0991.jpg,Собака,0.043,0.8676,0.0894,800x600,Expert_Bob,0.1324,0.6844,Кошка,0.8676,False,0.6821,0.6562
img_0992.jpg,Собака,0.9051,0.0586,0.0364,800x600,Expert_Anna,0.0949,0.544,Собака,0.0,False,0.6821,0.2737
img_0993.jpg,Собака,0.0403,0.9062,0.0535,640x480,Intern_Vasya,0.0938,0.5415,Кошка,0.9062,False,0.6821,0.6356
img_0994.jpg,Кошка,0.021,0.8857,0.0934,1920x1080,Intern_Vasya,0.1143,0.5916,Кошка,0.0,False,0.7276,0.2948
img_0995.jpg,Собака,0.3264,0.3288,0.3448,640x480,Expert_Bob,0.6552,1.5845,Мышь,0.3448,False,0.6821,0.6742
img_0996.jpg,Собака,0.0747,0.8638,0.0615,1920x1080,Expert_Anna,0.1362,0.7095,Кошка,0.8638,False,0.6821,0.661
img_0997.jpg,Мышь,0.0441,0.0378,0.9181,640x480,Expert_Bob,0.0819,0.4904,Мышь,0.0,False,6.2654,1.3768
img_0998.jpg,Собака,0.0795,0.8605,0.06,1920x1080,Expert_Anna,0.1395,0.7205,Кошка,0.8605,False,0.6821,0.6624
img_0999.jpg,Собака,0.2974,0.3954,0.3072,1920x1080,Expert_Bob,0.6046,1.5727,Кошка,0.3954,False,0.6821,0.6915
img_0226.jpg,Собака,0.3273,0.3334,0.3393,800x600,Intern_Vasya,0.6607,1.5848,Мышь,0.3393,True,0.6821,0.0
img_0573.jpg,Собака,0.9044,0.0779,0.0177,800x600,Intern_Vasya,0.0956,0.521,Собака,0.0,True,0.6821,0.0
img_0455.jpg,Кошка,0.0548,0.9244,0.0208,1920x1080,Expert_Anna,0.0756,0.4506,Кошка,0.0,True,0.7276,0.0
img_0322.jpg,Собака,0.3149,0.3126,0.3726,640x480,Intern_Vasya,0.6274,1.5801,Мышь,0.3726,True,0.6821,0.0
img_0649.jpg,Кошка,0.0438,0.8715,0.0847,800x600,Expert_Bob,0.1285,0.6723,Кошка,0.0,True,0.7276,0.0
img_0258.jpg,Кошка,0.0167,0.9288,0.0545,640x480,Expert_Bob,0.0712,0.4263,Кошка,0.0,True,0.7276,0.0
img_0539.jpg,Кошка,0.0579,0.9226,0.0195,800x600,Expert_Anna,0.0774,0.456,Кошка,0.0,True,0.7276,0.0
img_0600.jpg,Кошка,0.0507,0.8595,0.0898,1920x1080,Intern_Vasya,0.1405,0.7181,Кошка,0.0,True,0.7276,0.0
img_0665.jpg,Кошка,0.0217,0.9367,0.0416,1920x1080,Expert_Bob,0.0633,0.3991,Кошка,0.0,True,0.7276,0.0
img_0230.jpg,Собака,0.9521,0.014,0.0338,800x600,Intern_Vasya,0.0479,0.3188,Собака,0.0,True,0.6821,0.0
img_0249.jpg,Мышь,0.3379,0.2999,0.3622,640x480,Expert_Anna,0.6378,1.5807,Мышь,0.0,True,6.2654,0.0
img_0264.jpg,Кошка,0.0691,0.8448,0.0862,1920x1080,Expert_Anna,0.1552,0.7768,Кошка,0.0,True,0.7276,0.0
img_0314.jpg,Собака,0.9049,0.0743,0.0208,1920x1080,Intern_Vasya,0.0951,0.5253,Собака,0.0,True,0.6821,0.0
img_0471.jpg,Собака,0.8752,0.0719,0.0528,800x600,Expert_Bob,0.1248,0.6654,Собака,0.0,True,0.6821,0.0
img_0903.jpg,Собака,0.848,0.0695,0.0826,800x600,Expert_Anna,0.152,0.7662,Собака,0.0,True,0.6821,0.0
